SKU,ItemDescription,Series,ItemGroup,Category,L,W,H,D,Colour,Material,Tags,CreatedDate,LastUpdate
SKU,itemDescription,series,itemGroup,category,L,W,H,D,colour,material,tags,createdDate,lastUpdate
"<span class=""expander""  >TCVPSL-WRNA</span>","<span class=""expander""  >Leather - We're not afraid</span>","Cover Passport",,Lifestyle,19.5,,14,,,Leather,,"11-03-2014 13:05:04","14-03-2014 16:43:42"
"<span class=""expander""  >TPAL-BRE</span>","<span class=""expander""  >Pillow Alphabet B</span>","Pillow Alphabet",," Home Décor ",40,40,10,,Red,"Baby Canvas",,"11-03-2014 13:05:04","11-03-2014 13:05:04"
"<span class=""expander""  >TPAL-ACM</span>","<span class=""expander""  >Pillow Alphabet A</span>","Pillow Alphabet",," Home Décor ",40,40,10,,Cream,"Baby Canvas",,"11-03-2014 13:05:04","11-03-2014 13:05:04"
"<span class=""expander""  >TPAL-ABR</span>","<span class=""expander""  >Pillow Alphabet A</span>","Pillow Alphabet",," Home Décor ",40,40,10,,Brown,"Baby Canvas",,"11-03-2014 13:05:04","11-03-2014 13:05:04"
"<span class=""expander""  >TPAL-ABL</span>","<span class=""expander""  >Pillow Alphabet A</span>","Pillow Alphabet",," Home Décor ",40,40,10,,Blue,"Baby Canvas",,"11-03-2014 13:05:04","11-03-2014 13:05:04"
"<span class=""expander""  >TPAL-ABC</span>","<span class=""expander""  >Pillow Alphabet A</span>","Pillow Alphabet",," Home Décor ",40,40,10,,Black,"Baby Canvas",,"11-03-2014 13:05:04","11-03-2014 13:05:04"
"<span class=""expander""  >TPAL-ARE</span>","<span class=""expander""  >Pillow Alphabet A</span>","Pillow Alphabet",," Home Décor ",40,40,10,,Red,"Baby Canvas",,"11-03-2014 13:05:04","11-03-2014 13:05:04"
"<span class=""expander""  >TCVPSL-COMEBW</span>","<span class=""expander""  >Leather - Come Brown</span>","Cover Passport",,Lifestyle,19.5,,14,,,Leather,,"11-03-2014 13:05:04","11-03-2014 13:05:04"
"<span class=""expander""  >TCVPSL-COMEBL</span>","<span class=""expander""  >Leather - Come Blue</span>","Cover Passport",,Lifestyle,19.5,,14,,,Leather,,"11-03-2014 13:05:04","11-03-2014 13:05:04"
"<span class=""expander""  >TCVPSL-COMEGR</span>","<span class=""expander""  >Leather - Come Green</span>","Cover Passport",,Lifestyle,19.5,,14,,,Leather,,"11-03-2014 13:05:04","11-03-2014 13:05:04"
"<span class=""expander""  >TCVPSL-COMERD</span>","<span class=""expander""  >Leather - Come Red</span>","Cover Passport",,Lifestyle,19.5,,14,,,Leather,,"11-03-2014 13:05:04","11-03-2014 13:05:04"
"<span class=""expander""  >TCVPSL-WNIBRW</span>","<span class=""expander""  >Leather - WNI Brown</span>","Cover Passport",,Lifestyle,19.5,,14,,,Leather,,"11-03-2014 13:05:04","11-03-2014 13:05:04"
"<span class=""expander""  >TCVPSL-WNIBLU</span>","<span class=""expander""  >Leather - WNI Blue</span>","Cover Passport",,Lifestyle,19.5,,14,,,Leather,,"11-03-2014 13:05:04","11-03-2014 13:05:04"
"<span class=""expander""  >TCVPSL-WNIGRN</span>","<span class=""expander""  >Leather - WNI Green</span>","Cover Passport",,Lifestyle,19.5,,14,,,Leather,,"11-03-2014 13:05:04","11-03-2014 13:05:04"
"<span class=""expander""  >TCVPSL-WNIRED</span>","<span class=""expander""  >Leather - WNI Red</span>","Cover Passport",,Lifestyle,19.5,,14,,,Leather,,"11-03-2014 13:05:04","11-03-2014 13:05:04"
"<span class=""expander""  >TCVPS-GORI</span>","<span class=""expander""  >Goni - Love RI</span>","Cover Passport",,Lifestyle,19.5,,14,,,Leather,,"11-03-2014 13:05:04","11-03-2014 13:05:04"
"<span class=""expander""  >TCVPS-GOLOST</span>","<span class=""expander""  >Goni - Get Lost</span>","Cover Passport",,Lifestyle,19.5,,14,,,Leather,,"11-03-2014 13:05:04","11-03-2014 13:05:04"
"<span class=""expander""  >TCVPS-GOCALM</span>","<span class=""expander""  >Goni - Keep Calm</span>","Cover Passport",,Lifestyle,19.5,,14,,,Leather,,"11-03-2014 13:05:04","11-03-2014 13:05:04"
"<span class=""expander""  >TCVPS-PLASTIC</span>","<span class=""expander""  >Plastik</span>","Cover Passport",,Lifestyle,19.5,,14,,,Leather,,"11-03-2014 13:05:04","11-03-2014 13:05:04"
"<span class=""expander""  >TCVIP-NWGRY</span>","<span class=""expander""  >Silver</span>","I Phone Cover - Leather (NEW )",,Lifestyle,13,2,9,,,Leather,,"11-03-2014 13:05:04","11-03-2014 13:05:04"
"<span class=""expander""  >TCVIP-NWBRW</span>","<span class=""expander""  >Brown</span>","I Phone Cover - Leather (NEW )",,Lifestyle,13,2,9,,,Leather,,"11-03-2014 13:05:04","11-03-2014 13:05:04"
"<span class=""expander""  >TCVIP-NWRED</span>","<span class=""expander""  >Red</span>","I Phone Cover - Leather (NEW )",,Lifestyle,13,2,9,,,Leather,,"11-03-2014 13:05:04","11-03-2014 13:05:04"
"<span class=""expander""  >TCVIP-NWPNK</span>","<span class=""expander""  >Pink</span>","I Phone Cover - Leather (NEW )",,Lifestyle,13,2,9,,,Leather,,"11-03-2014 13:05:04","11-03-2014 13:05:04"
"<span class=""expander""  >TCVIP-BUTSUBLU</span>","<span class=""expander""  >Suede Blue</span>","I Phone Cover - Leather (Button  )",,Lifestyle,13,,9,,,Leather,,"11-03-2014 13:05:04","11-03-2014 13:05:04"
"<span class=""expander""  >TCVIP-BUTSUYLW</span>","<span class=""expander""  >suede Yellow</span>","I Phone Cover - Leather (Button  )",,Lifestyle,13,,9,,,Leather,,"11-03-2014 13:05:04","11-03-2014 13:05:04"
"<span class=""expander""  >TCVIP-BUTSUGRN</span>","<span class=""expander""  >Suede Green</span>","I Phone Cover - Leather (Button  )",,Lifestyle,13,,9,,,Leather,,"11-03-2014 13:05:04","11-03-2014 13:05:04"
"<span class=""expander""  >TCVIP-BUTGLD</span>","<span class=""expander""  >Gold</span>","I Phone Cover - Leather (Button  )",,Lifestyle,13,,9,,,Leather,,"11-03-2014 13:05:04","11-03-2014 13:05:04"
"<span class=""expander""  >TCVIP-BUTRED</span>","<span class=""expander""  >Red</span>","I Phone Cover - Leather (Button  )",,Lifestyle,13,,9,,,Leather,,"11-03-2014 13:05:04","11-03-2014 13:05:04"
"<span class=""expander""  >TCVIP-BUTYLW</span>","<span class=""expander""  >Yellow</span>","I Phone Cover - Leather (Button  )",,Lifestyle,13,,9,,,Leather,,"11-03-2014 13:05:04","11-03-2014 13:05:04"
"<span class=""expander""  >TCVIP-BUTBRW</span>","<span class=""expander""  >Brown</span>","I Phone Cover - Leather (Button  )",,Lifestyle,13,,9,,,Leather,,"11-03-2014 13:05:04","11-03-2014 13:05:04"
"<span class=""expander""  >TCVIP-BUTPNK</span>","<span class=""expander""  >Pink</span>","I Phone Cover - Leather (Button  )",,Lifestyle,13,,9,,,Leather,,"11-03-2014 13:05:04","11-03-2014 13:05:04"
"<span class=""expander""  >TCVIP-BUTGRY</span>","<span class=""expander""  >Silver</span>","I Phone Cover - Leather (Button  )",,Lifestyle,13,,9,,,Leather,,"11-03-2014 13:05:04","11-03-2014 13:05:04"
"<span class=""expander""  >TCVIP-BUTGRN</span>","<span class=""expander""  >White</span>","I Phone Cover - Leather (Button  )",,Lifestyle,13,,9,,,Leather,,"11-03-2014 13:05:04","11-03-2014 13:05:04"
"<span class=""expander""  >TCVIP-SLIPSUBLU</span>","<span class=""expander""  >Suede Blue</span>","I Phone Cover - Leather ( Slip on )",,Lifestyle,15,,8.5,,,Leather,,"11-03-2014 13:05:04","11-03-2014 13:05:04"
"<span class=""expander""  >TCVIP-SLIPSUYLW</span>","<span class=""expander""  >suede Yellow</span>","I Phone Cover - Leather ( Slip on )",,Lifestyle,15,,8.5,,,Leather,,"11-03-2014 13:05:04","11-03-2014 13:05:04"
"<span class=""expander""  >TCVIP-SLIPSUGRN</span>","<span class=""expander""  >Suede Green</span>","I Phone Cover - Leather ( Slip on )",,Lifestyle,15,,8.5,,,Leather,,"11-03-2014 13:05:04","11-03-2014 13:05:04"
"<span class=""expander""  >TCVIP-SLIPGLD</span>","<span class=""expander""  >Gold</span>","I Phone Cover - Leather ( Slip on )",,Lifestyle,15,,8.5,,,Leather,,"11-03-2014 13:05:04","11-03-2014 13:05:04"
"<span class=""expander""  >TCVIP-SLIPRED</span>","<span class=""expander""  >Red</span>","I Phone Cover - Leather ( Slip on )",,Lifestyle,15,,8.5,,,Leather,,"11-03-2014 13:05:04","11-03-2014 13:05:04"
"<span class=""expander""  >TCVIP-SLIPYLW</span>","<span class=""expander""  >Yellow</span>","I Phone Cover - Leather ( Slip on )",,Lifestyle,15,,8.5,,,Leather,,"11-03-2014 13:05:04","11-03-2014 13:05:04"
"<span class=""expander""  >TCVIP-SLIPBRW</span>","<span class=""expander""  >Brown</span>","I Phone Cover - Leather ( Slip on )",,Lifestyle,15,,8.5,,,Leather,,"11-03-2014 13:05:04","11-03-2014 13:05:04"
"<span class=""expander""  >TCVIP-SLIPPNK</span>","<span class=""expander""  >Pink</span>","I Phone Cover - Leather ( Slip on )",,Lifestyle,15,,8.5,,,Leather,,"11-03-2014 13:05:04","11-03-2014 13:05:04"
"<span class=""expander""  >TCVIP-SLIPGRY</span>","<span class=""expander""  >Silver</span>","I Phone Cover - Leather ( Slip on )",,Lifestyle,15,,8.5,,,Leather,,"11-03-2014 13:05:04","11-03-2014 13:05:04"
"<span class=""expander""  >TCVIP-SLIPWHT</span>","<span class=""expander""  >White</span>","I Phone Cover - Leather ( Slip on )",,Lifestyle,15,,8.5,,,Leather,,"11-03-2014 13:05:04","11-03-2014 13:05:04"
"<span class=""expander""  >TCVIP-SLIPGRN</span>","<span class=""expander""  >Green</span>","I Phone Cover - Leather ( Slip on )",,Lifestyle,15,,8.5,,,Leather,,"11-03-2014 13:05:04","11-03-2014 13:05:04"
"<span class=""expander""  >TCVIP-NAILSUYLW</span>","<span class=""expander""  >suede Yellow</span>","I Phone Cover - Leather ( Nail)",,Lifestyle,15,,8.5,,"suede Yellow",Leather,,"11-03-2014 13:05:04","11-03-2014 13:05:04"
"<span class=""expander""  >TCVIP-NAILSUGRN</span>","<span class=""expander""  >Suede Blue</span>","I Phone Cover - Leather ( Nail)",,Lifestyle,15,,8.5,,"Suede Blue",Leather,,"11-03-2014 13:05:04","11-03-2014 13:05:04"
"<span class=""expander""  >TCVIP-NAILGLD</span>","<span class=""expander""  >Gold</span>","I Phone Cover - Leather ( Nail)",,Lifestyle,15,,8.5,,Gold,Leather,,"11-03-2014 13:05:04","11-03-2014 13:05:04"
"<span class=""expander""  >TCVIP-NAILRED</span>","<span class=""expander""  >Red</span>","I Phone Cover - Leather ( Nail)",,Lifestyle,15,,8.5,,Red,Leather,,"11-03-2014 13:05:04","11-03-2014 13:05:04"
"<span class=""expander""  >TCVIP-NAILYLW</span>","<span class=""expander""  >Yellow</span>","I Phone Cover - Leather ( Nail)",,Lifestyle,15,,8.5,,Yellow,Leather,,"11-03-2014 13:05:04","11-03-2014 13:05:04"
"<span class=""expander""  >TCVIP-NAILBRW</span>","<span class=""expander""  >Brown</span>","I Phone Cover - Leather ( Nail)",,Lifestyle,15,,8.5,,Brown,Leather,,"11-03-2014 13:05:04","11-03-2014 13:05:04"
"<span class=""expander""  >TCVIP-NAILPNK</span>","<span class=""expander""  >Pink</span>","I Phone Cover - Leather ( Nail)",,Lifestyle,15,,8.5,,Pink,Leather,,"11-03-2014 13:05:04","11-03-2014 13:05:04"
"<span class=""expander""  >TCVIP-NAILGRY</span>","<span class=""expander""  >Silver</span>","I Phone Cover - Leather ( Nail)",,Lifestyle,15,,8.5,,Silver,Leather,,"11-03-2014 13:05:04","11-03-2014 13:05:04"
"<span class=""expander""  >TCVIP-NAILWHT</span>","<span class=""expander""  >White</span>","I Phone Cover - Leather ( Nail)",,Lifestyle,15,,8.5,,White,Leather,,"11-03-2014 13:05:04","11-03-2014 13:05:04"
"<span class=""expander""  >TCVIP-NAILGRN</span>","<span class=""expander""  >Cover I Phone-Nail</span>","I Phone Cover - Leather ( Nail)",,Lifestyle,15,,8.5,,Green,Leather,,"11-03-2014 13:05:04","11-03-2014 13:05:04"
"<span class=""expander""  >TOTE-GRYA1</span>","<span class=""expander""  >Tote Bag Kampuk</span>","Tote Bag Kampuk",,Lifestyle,42,10,30,,Grey,,,"11-03-2014 13:05:04","11-03-2014 13:05:04"
"<span class=""expander""  >TOTE-BLUEB1</span>","<span class=""expander""  >Tote Bag Kampuk</span>","Tote Bag Kampuk",,Lifestyle,42,10,30,,"Dark Blue",,,"11-03-2014 13:05:04","11-03-2014 13:05:04"
"<span class=""expander""  >TOTE-BLUEA1</span>","<span class=""expander""  >Tote Bag Kampuk</span>","Tote Bag Kampuk",,Lifestyle,42,10,30,,Blue,,,"11-03-2014 13:05:04","11-03-2014 13:05:04"
"<span class=""expander""  >TOTE-BLUE1</span>","<span class=""expander""  >Tote Bag Kampuk</span>","Tote Bag Kampuk",,Lifestyle,42,10,30,,"Light Blue",,,"11-03-2014 13:05:04","11-03-2014 13:05:04"
"<span class=""expander""  >TOTE-YLW</span>","<span class=""expander""  >Tote Bag Kampuk</span>","Tote Bag Kampuk",,Lifestyle,42,10,30,,Yellow,,,"11-03-2014 13:05:04","11-03-2014 13:05:04"
"<span class=""expander""  >TOTE-GRNB1</span>","<span class=""expander""  >Tote Bag Kampuk</span>","Tote Bag Kampuk",,Lifestyle,42,10,30,,"Dark Green",,,"11-03-2014 13:05:04","11-03-2014 13:05:04"
"<span class=""expander""  >TOTE-GRNA1</span>","<span class=""expander""  >Tote Bag Kampuk</span>","Tote Bag Kampuk",,Lifestyle,42,10,30,,Green,,,"11-03-2014 13:05:04","11-03-2014 13:05:04"
"<span class=""expander""  >TOTE-GRN1</span>","<span class=""expander""  >Tote Bag Kampuk</span>","Tote Bag Kampuk",,Lifestyle,42,10,30,,"Light Green",,,"11-03-2014 13:05:04","11-03-2014 13:05:04"
"<span class=""expander""  >TOTE-BLACK</span>","<span class=""expander""  >Tote Bag Kampuk</span>","Tote Bag Kampuk",,Lifestyle,42,10,30,,Black,,,"11-03-2014 13:05:04","11-03-2014 13:05:04"
"<span class=""expander""  >TOTE-RED</span>","<span class=""expander""  >Tote Bag Kampuk</span>","Tote Bag Kampuk",,Lifestyle,42,10,30,,Red,,,"11-03-2014 13:05:04","11-03-2014 13:05:04"
"<span class=""expander""  >TOTE-ORG</span>","<span class=""expander""  >Tote Bag Kampuk</span>","Tote Bag Kampuk",,Lifestyle,42,10,30,,Orange,,,"11-03-2014 13:05:04","11-03-2014 13:05:04"
"<span class=""expander""  >TCVNBK-Cream</span>","<span class=""expander""  >Alphabet Notes </span>","Notes Kampuk",,Lifestyle,,15.5,21.5,,Cream,,,"11-03-2014 13:05:04","11-03-2014 13:05:04"
"<span class=""expander""  >TCVNBK-Brown</span>","<span class=""expander""  >Alphabet Notes </span>","Notes Kampuk",,Lifestyle,,15.5,21.5,,Brown,,,"11-03-2014 13:05:04","11-03-2014 13:05:04"
"<span class=""expander""  >TCVNBK-Red</span>","<span class=""expander""  >Alphabet Notes </span>","Notes Kampuk",,Lifestyle,,15.5,21.5,,Red,,,"11-03-2014 13:05:04","11-03-2014 13:05:04"
"<span class=""expander""  >TCVNBK-Blue</span>","<span class=""expander""  >Alphabet Notes </span>","Notes Kampuk",,Lifestyle,,15.5,21.5,,Blue,,,"11-03-2014 13:05:04","11-03-2014 13:05:04"
"<span class=""expander""  >TCVNBK-Black</span>","<span class=""expander""  >Alphabet Notes</span>","Notes Kampuk",,Lifestyle,,15.5,21.5,,Black,,,"11-03-2014 13:05:04","11-03-2014 13:05:04"
"<span class=""expander""  >TCVN1-Green</span>","<span class=""expander""  >Notes Kampuk</span>","Notes Kampuk",,Lifestyle,,15.5,21.5,,"Light Green",,,"11-03-2014 13:05:04","11-03-2014 13:05:04"
"<span class=""expander""  >TCVNA1-Green</span>","<span class=""expander""  >Notes Kampuk</span>","Notes Kampuk",,Lifestyle,,15.5,21.5,,Green,,,"11-03-2014 13:05:04","11-03-2014 13:05:04"
"<span class=""expander""  >TCVNB1-Green</span>","<span class=""expander""  >Notes Kampuk</span>","Notes Kampuk",,Lifestyle,,15.5,21.5,,"Dark Green",,,"11-03-2014 13:05:04","11-03-2014 13:05:04"
"<span class=""expander""  >TCVNB1-Red</span>","<span class=""expander""  >Notes Kampuk</span>","Notes Kampuk",,Lifestyle,,15.5,21.5,,Red,,,"11-03-2014 13:05:04","11-03-2014 13:05:04"
"<span class=""expander""  >TCVN1-Yellow</span>","<span class=""expander""  >Notes Kampuk</span>","Notes Kampuk",,Lifestyle,,15.5,21.5,,Yellow,,,"11-03-2014 13:05:04","11-03-2014 13:05:04"
"<span class=""expander""  >TCVNA1-Orange</span>","<span class=""expander""  >Notes Kampuk</span>","Notes Kampuk",,Lifestyle,,15.5,21.5,,Orange,,,"11-03-2014 13:05:04","11-03-2014 13:05:04"
"<span class=""expander""  >TCVNB1-Black</span>","<span class=""expander""  >Notes Kampuk</span>","Notes Kampuk",,Lifestyle,,15.5,21.5,,Black,,,"11-03-2014 13:05:04","11-03-2014 13:05:04"
"<span class=""expander""  >TCVNB1-Blue</span>","<span class=""expander""  >Notes Kampuk</span>","Notes Kampuk",,Lifestyle,,15.5,21.5,,"Dark Blue",,,"11-03-2014 13:05:04","11-03-2014 13:05:04"
"<span class=""expander""  >TCVN1-Blue</span>","<span class=""expander""  >Notes Kampuk</span>","Notes Kampuk",,Lifestyle,,15.5,21.5,,"Light Blue",,,"11-03-2014 13:05:04","11-03-2014 13:05:04"
"<span class=""expander""  >TCVNA1-Blue</span>","<span class=""expander""  >Notes Kampuk</span>","Notes Kampuk",,Lifestyle,,15.5,21.5,,Blue,,,"11-03-2014 13:05:04","11-03-2014 13:05:04"
"<span class=""expander""  >TCVN-Grey </span>","<span class=""expander""  >Notes Kampuk</span>","Notes Kampuk",,Lifestyle,,15.5,21.5,,Gray,,,"11-03-2014 13:05:04","11-03-2014 13:05:04"
"<span class=""expander""  >TSLWM-Gray</span>","<span class=""expander""  >Sleepworker Retro-Medium</span>","Sleep worker Retro - Medium",,Lifestyle,42,30,10,,Gray,,,"11-03-2014 13:05:04","11-03-2014 13:05:04"
"<span class=""expander""  >TSLWM-Pink</span>","<span class=""expander""  >Sleepworker Retro-Medium</span>","Sleep worker Retro - Medium",,Lifestyle,42,30,10,,Pink,,,"11-03-2014 13:05:04","11-03-2014 13:05:04"
"<span class=""expander""  >TSLWM-Blue</span>","<span class=""expander""  >Sleepworker Retro-Medium</span>","Sleep worker Retro - Medium",,Lifestyle,42,30,10,,Blue,,,"11-03-2014 13:05:04","11-03-2014 13:05:04"
"<span class=""expander""  >TSLWM-Green</span>","<span class=""expander""  >Sleepworker Retro-Medium</span>","Sleep worker Retro - Medium",,Lifestyle,42,30,10,,Green,,,"11-03-2014 13:05:04","11-03-2014 13:05:04"
"<span class=""expander""  >TSLWM-Red</span>","<span class=""expander""  >Sleepworker Retro-Medium</span>","Sleep worker Retro - Medium",,Lifestyle,42,30,10,,Red,,,"11-03-2014 13:05:04","11-03-2014 13:05:04"
"<span class=""expander""  >TSLWS-Pink</span>","<span class=""expander""  >Sleepworker Retro-Small</span>","Sleep worker Retro - Small",,Lifestyle,38,27,10,,,,,"11-03-2014 13:05:04","11-03-2014 13:05:04"
"<span class=""expander""  >TSLWS-Blue</span>","<span class=""expander""  >Sleepworker Retro-Small</span>","Sleep worker Retro - Small",,Lifestyle,38,27,10,,Blue,,,"11-03-2014 13:05:04","11-03-2014 13:05:04"
"<span class=""expander""  >TSLWS-Green</span>","<span class=""expander""  >Sleepworker Retro-Small</span>","Sleep worker Retro - Small",,Lifestyle,38,27,10,,Green,,,"11-03-2014 13:05:04","11-03-2014 13:05:04"
"<span class=""expander""  >TSLWS-Red</span>","<span class=""expander""  >Sleepworker Retro-Small</span>","Sleep worker Retro - Small",,Lifestyle,38,27,10,,Red,,,"11-03-2014 13:05:04","11-03-2014 13:05:04"
"<span class=""expander""  >TCVP-XXSBL</span>","<span class=""expander""  >Cover I Pad Kampuk XXS</span>","Ipad cover Kampuk XXS",,Lifestyle,22,16,10,,Blue,,,"11-03-2014 13:05:04","11-03-2014 13:05:04"
"<span class=""expander""  >TCVP-XXSGR</span>","<span class=""expander""  >Cover I Pad Kampuk XXS</span>","Ipad cover Kampuk XXS",,Lifestyle,22,16,10,,Green,,,"11-03-2014 13:05:04","11-03-2014 13:05:04"
"<span class=""expander""  >TCVP-XXSPK</span>","<span class=""expander""  >Cover I Pad Kampuk XXS</span>","Ipad cover Kampuk XXS",,Lifestyle,22,16,10,,Pink,,,"11-03-2014 13:05:04","11-03-2014 13:05:04"
"<span class=""expander""  >TCVP-XXSRE</span>","<span class=""expander""  >Cover I Pad Kampuk XXS</span>","Ipad cover Kampuk XXS",,Lifestyle,22,16,10,,"Dark Red",,,"11-03-2014 13:05:04","11-03-2014 13:05:04"
"<span class=""expander""  >TCVP-XXSDB</span>","<span class=""expander""  >Cover I Pad Kampuk XXS</span>","Ipad cover Kampuk XXS",,Lifestyle,22,16,10,,"Dark Blue",,,"11-03-2014 13:05:04","11-03-2014 13:05:04"
"<span class=""expander""  >TCVP-XSBL</span>","<span class=""expander""  >Cover I Pad Kampuk XS</span>","Ipad cover Kampuk XS",,Lifestyle,28,24,10,,Blue,,,"11-03-2014 13:05:04","11-03-2014 13:05:04"
"<span class=""expander""  >TCVP-XSGR</span>","<span class=""expander""  >Cover I Pad Kampuk XS</span>","Ipad cover Kampuk XS",,Lifestyle,28,24,10,,Green,,,"11-03-2014 13:05:04","11-03-2014 13:05:04"
"<span class=""expander""  >TCVP-XSPK</span>","<span class=""expander""  >Cover I Pad Kampuk XS</span>","Ipad cover Kampuk XS",,Lifestyle,28,24,10,,Pink,,,"11-03-2014 13:05:04","11-03-2014 13:05:04"
"<span class=""expander""  >TCVP-XSRE</span>","<span class=""expander""  >Cover I Pad Kampuk XS</span>","Ipad cover Kampuk XS",,Lifestyle,28,24,10,,"Dark Red",,,"11-03-2014 13:05:04","11-03-2014 13:05:04"
"<span class=""expander""  >TCVP-XSDB</span>","<span class=""expander""  >Cover I Pad Kampuk XS</span>","Ipad cover Kampuk XS",,Lifestyle,28,24,10,,"Dark Blue",,,"11-03-2014 13:05:04","11-03-2014 13:05:04"
"<span class=""expander""  >TOWEL-TOYLW</span>","<span class=""expander""  >Tea Towel-Toimoi</span>","TEA TOWEL - TOIMOI",,"Home Acc",19,67,,,Yellow,,,"11-03-2014 13:05:04","11-03-2014 13:05:04"
"<span class=""expander""  >TOWEL-TOGR</span>","<span class=""expander""  >Tea Towel-Toimoi</span>","TEA TOWEL - TOIMOI",,"Home Acc",19,67,,,Green,,,"11-03-2014 13:05:04","11-03-2014 13:05:04"
"<span class=""expander""  >TOWEL-TOBRW</span>","<span class=""expander""  >Tea Towel-Toimoi</span>","TEA TOWEL - TOIMOI",,"Home Acc",19,67,,,Brown,,,"11-03-2014 13:05:04","11-03-2014 13:05:04"
"<span class=""expander""  >TOWEL-FOGR</span>","<span class=""expander""  >Tea Towel - Green</span>","TEA TOWEL - FOOD",,"Home Acc",19,67,,,Green,,,"11-03-2014 13:05:04","11-03-2014 13:05:04"
"<span class=""expander""  >TOWEL-FOWH</span>","<span class=""expander""  >Tea Towel - Food</span>","TEA TOWEL - FOOD",,"Home Acc",19,67,,,White,,,"11-03-2014 13:05:04","11-03-2014 13:05:04"
"<span class=""expander""  >TKEY-WOOD</span>","<span class=""expander""  >Wood Keyring</span>","Wood Keyring",,"Home Acc",,,,,Brown,Wood,,"11-03-2014 13:05:04","11-03-2014 13:05:04"
"<span class=""expander""  >TKEY-MTR</span>","<span class=""expander""  >Leather Keyring - Motor</span>","Leather Keyring",,"Home Acc",10,1.8,0.5,,Brown,Leather,,"11-03-2014 13:05:04","11-03-2014 13:05:04"
"<span class=""expander""  >TKEY-MB</span>","<span class=""expander""  >Leather Keyring - Mobil</span>","Leather Keyring",,"Home Acc",10,1.8,0.5,,Brown,Leather,,"11-03-2014 13:05:04","11-03-2014 13:05:04"
"<span class=""expander""  >TKEY-RM</span>","<span class=""expander""  >Leather Keyring - Rumah</span>","Leather Keyring",,"Home Acc",10,1.8,0.5,,Brown,Leather,,"11-03-2014 13:05:04","11-03-2014 13:05:04"
"<span class=""expander""  >TKEY-KMR</span>","<span class=""expander""  >Leather Keyring - Kamar</span>","Leather Keyring",,"Home Acc",10,1.8,0.5,,Brown,Leather,,"11-03-2014 13:05:04","11-03-2014 13:05:04"
"<span class=""expander""  >TCVT-CDRY</span>","<span class=""expander""  >Cover Tissue-Corduray</span>","Cover Tissue",,"Home Acc",22,10,10,,Mix,Corduray,,"11-03-2014 13:05:04","11-03-2014 13:05:04"
"<span class=""expander""  >TCVT-GONI</span>","<span class=""expander""  >Cover Tissue-Goni</span>","Cover Tissue",,"Home Acc",22,10,10,,Cream,Goni,,"11-03-2014 13:05:04","11-03-2014 13:05:04"
"<span class=""expander""  >TCVT-PLST</span>","<span class=""expander""  >Cover Tissue-Plastik</span>","Cover Tissue",,"Home Acc",22,10,10,,Mix,Plastik,,"11-03-2014 13:05:04","11-03-2014 13:05:04"
"<span class=""expander""  >TCVT-PERCA</span>","<span class=""expander""  >Cover Tissue-Perca</span>","Cover Tissue",,"Home Acc",22,10,10,,Mix,,,"11-03-2014 13:05:04","11-03-2014 13:05:04"
"<span class=""expander""  >TCVG-TEA</span>","<span class=""expander""  >Gallon Cover -Tea</span>","Cover Gallon",,"Home Acc",,,,,Cream,Combed,,"11-03-2014 13:05:04","11-03-2014 13:05:04"
"<span class=""expander""  >TCVG-CHOCO</span>","<span class=""expander""  >Gallon Cover -Choco</span>","Cover Gallon",,"Home Acc",,,,,Brown,Combed,,"11-03-2014 13:05:04","11-03-2014 13:05:04"
"<span class=""expander""  >TCVG-COFFE</span>","<span class=""expander""  >Gallon Cover -Coffee</span>","Cover Gallon",,"Home Acc",,,,,"Dark Brown",Combed,,"11-03-2014 13:05:04","11-03-2014 13:05:04"
"<span class=""expander""  >TCVG-ATTN</span>","<span class=""expander""  >Gallon Cover -Attention</span>","Cover Gallon",,"Home Acc",,,,,Yellow,Combed,,"11-03-2014 13:05:04","11-03-2014 13:05:04"
"<span class=""expander""  >TCVG-FISH</span>","<span class=""expander""  >Gallon Cover -Fish</span>","Cover Gallon",,"Home Acc",,,,,White,Combed,,"11-03-2014 13:05:04","11-03-2014 13:05:04"
"<span class=""expander""  >TCVG-DRNKDB</span>","<span class=""expander""  >Gallon Cover -Drink 8 Glass</span>","Cover Gallon",,"Home Acc",,,,,"Dark Blue",Combed,,"11-03-2014 13:05:04","11-03-2014 13:05:04"
"<span class=""expander""  >TCVG-DRNKBLU</span>","<span class=""expander""  >Gallon Cover -Drink 8 Glass</span>","Cover Gallon",,"Home Acc",,,,,Blue,Combed,,"11-03-2014 13:05:04","11-03-2014 13:05:04"
"<span class=""expander""  >TCVG-H2ODB</span>","<span class=""expander""  >Gallon Cover -H2O</span>","Cover Gallon",,"Home Acc",,,,,"Dark Blue",Combed,,"11-03-2014 13:05:04","11-03-2014 13:05:04"
"<span class=""expander""  >TCVG-H2OBLU</span>","<span class=""expander""  >Gallon Cover H2O</span>","Cover Gallon",,"Home Acc",,,,,Blue,Combed,,"11-03-2014 13:05:04","11-03-2014 13:05:04"
"<span class=""expander""  >TSTG-YLW</span>","<span class=""expander""  >Storage Kampuk</span>",Storage,,"Home Acc",30,25,25,,Yellow,"Tetoron Rayon",,"11-03-2014 13:05:04","11-03-2014 13:05:04"
"<span class=""expander""  >TSTG-RED</span>","<span class=""expander""  >Storage Kampuk</span>",Storage,,"Home Acc",30,25,25,,Red,"Tetoron Rayon",,"11-03-2014 13:05:04","11-03-2014 13:05:04"
"<span class=""expander""  >TSTG-ORG</span>","<span class=""expander""  >Storage Kampuk</span>",Storage,,"Home Acc",30,25,25,,Orange,"Tetoron Rayon",,"11-03-2014 13:05:04","11-03-2014 13:05:04"
"<span class=""expander""  >TSTG-BLU1</span>","<span class=""expander""  >Storage Kampuk</span>",Storage,,"Home Acc",30,25,25,,"Light Blue","Tetoron Rayon",,"11-03-2014 13:05:04","11-03-2014 13:05:04"
"<span class=""expander""  >TSTG-BLUA1</span>","<span class=""expander""  >Storage Kampuk</span>",Storage,,"Home Acc",30,25,25,,Blue,"Tetoron Rayon",,"11-03-2014 13:05:04","11-03-2014 13:05:04"
"<span class=""expander""  >TSTG-BLUB1</span>","<span class=""expander""  >Storage Kampuk</span>",Storage,,"Home Acc",30,25,25,,"Dark Blue","Tetoron Rayon",,"11-03-2014 13:05:04","11-03-2014 13:05:04"
"<span class=""expander""  >TSTG-GRN1</span>","<span class=""expander""  >Storage Kampuk</span>",Storage,,"Home Acc",30,25,25,,"Light Green","Tetoron Rayon",,"11-03-2014 13:05:04","11-03-2014 13:05:04"
"<span class=""expander""  >TSTG-GRNA1</span>","<span class=""expander""  >Storage Kampuk</span>",Storage,,"Home Acc",30,25,25,,Green,"Tetoron Rayon",,"11-03-2014 13:05:04","11-03-2014 13:05:04"
"<span class=""expander""  >TSTG-GRNB1</span>","<span class=""expander""  >Storage Kampuk</span>",Storage,,"Home Acc",30,25,25,,"Dark Green","Tetoron Rayon",,"11-03-2014 13:05:04","11-03-2014 13:05:04"
"<span class=""expander""  >TSTG-GRY</span>","<span class=""expander""  >Storage Kampuk</span>",Storage,,"Home Acc",30,25,25,,Grey,"Tetoron Rayon",,"11-03-2014 13:05:04","11-03-2014 13:05:04"
"<span class=""expander""  >TSTG-BLACK</span>","<span class=""expander""  >Storage Kampuk</span>",Storage,,"Home Acc",30,25,25,,Black,"Tetoron Rayon",,"11-03-2014 13:05:04","11-03-2014 13:05:04"
"<span class=""expander""  >TSTG-CAM</span>","<span class=""expander""  >Storage Camera</span>",Storage,,"Home Acc",30,25,25,,Cream,"Baby Canvas",,"11-03-2014 13:05:04","11-03-2014 13:05:04"
"<span class=""expander""  >TSTG-BOOK</span>","<span class=""expander""  >Storage Book</span>",Storage,,"Home Acc",30,25,25,,Blue,"Baby Canvas",,"11-03-2014 13:05:04","11-03-2014 13:05:04"
"<span class=""expander""  >TSTG-ROB</span>","<span class=""expander""  >Storage Robot</span>",Storage,,"Home Acc",30,25,25,,Red,"Baby Canvas",,"11-03-2014 13:05:04","11-03-2014 13:05:04"
"<span class=""expander""  >TB2SEAT-BLU</span>","<span class=""expander""  >Bean Bag 2 Seater</span>","Bean Bag Square",,"Home Living",90,,80,,Blue,,,"11-03-2014 13:05:04","11-03-2014 13:05:04"
"<span class=""expander""  >TBLRGE-DBLU</span>","<span class=""expander""  >Bean Bag Large-Dark Blue</span>","Bean Bag Square",,"Home Living",,,120,70,"Dark Blue",,,"11-03-2014 13:05:04","11-03-2014 13:05:04"
"<span class=""expander""  >TBSQR-PUPPY</span>","<span class=""expander""  >Bean Bag Puppy</span>","Bean Bag Square",,"Home Living",,,,,,,,"11-03-2014 13:05:04","11-03-2014 13:05:04"
"<span class=""expander""  >TBSQR-KRAT</span>",,"Bean Bag Square",,"Home Living",45,,45,,,,,"11-03-2014 13:05:04","11-03-2014 13:05:04"
"<span class=""expander""  >TBSQR-BOOKWHT</span>","<span class=""expander""  >Books</span>","Bean Bag Square",,"Home Living",45,,45,,White,,,"11-03-2014 13:05:04","11-03-2014 13:05:04"
"<span class=""expander""  >TBSQR-BOOKRED</span>","<span class=""expander""  >Bean Bag Square</span>","Bean Bag Square",,"Home Living",45,,45,,Red,,,"11-03-2014 13:05:04","11-03-2014 13:05:04"
"<span class=""expander""  >TBSQR-PNK</span>","<span class=""expander""  >Bean Bag Square</span>","Bean Bag Square",,"Home Living",,,,,Pink,,,"11-03-2014 13:05:04","11-03-2014 13:05:04"
"<span class=""expander""  >TBSQR-GRN</span>","<span class=""expander""  >Bean Bag Square</span>","Bean Bag Square",,"Home Living",,,,,Green,,,"11-03-2014 13:05:04","11-03-2014 13:05:04"
"<span class=""expander""  >TBSQR-BLU</span>","<span class=""expander""  >Bean Bag Square</span>","Bean Bag Square",,"Home Living",,,,,Blue,,,"11-03-2014 13:05:04","11-03-2014 13:05:04"
"<span class=""expander""  >TBSQR-RED</span>","<span class=""expander""  >Bean Bag Square</span>","Bean Bag Square",,"Home Living",45,,45,,Red,,,"11-03-2014 13:05:04","11-03-2014 13:05:04"
"<span class=""expander""  >TMTSFLD-RED</span>","<span class=""expander""  >Matras Folded</span>","Kasur Kampuk Lipat",,"Home Living",60,60,13,,Orange,,,"11-03-2014 13:05:04","11-03-2014 13:05:04"
"<span class=""expander""  >TMTSFLD-BLU</span>","<span class=""expander""  >Matras Folded</span>","Kasur Kampuk Lipat",,"Home Living",60,60,13,,Blue,,,"11-03-2014 13:05:04","11-03-2014 13:05:04"
"<span class=""expander""  >TMTSFLD-GRN</span>","<span class=""expander""  >Matras Folded</span>","Kasur Kampuk Lipat",,"Home Living",60,60,13,,Green,,,"11-03-2014 13:05:04","11-03-2014 13:05:04"
"<span class=""expander""  >TMTSPIL-PRPB1</span>","<span class=""expander""  >Matras Pillow</span>","Bantal Kampuk",,"Home Living",53,53,13,,Purple,,,"11-03-2014 13:05:04","11-03-2014 13:05:04"
"<span class=""expander""  >TMTSPIL-PRPA1</span>","<span class=""expander""  >Matras Pillow</span>","Bantal Kampuk",,"Home Living",53,53,13,,Purple,,,"11-03-2014 13:05:04","11-03-2014 13:05:04"
"<span class=""expander""  >TMTSPIL-PRP1</span>","<span class=""expander""  >Matras Pillow</span>","Bantal Kampuk",,"Home Living",53,53,13,,Purple,,,"11-03-2014 13:05:04","11-03-2014 13:05:04"
"<span class=""expander""  >TMTSPIL-PINK</span>","<span class=""expander""  >Matras Pillow</span>","Bantal Kampuk",,"Home Living",53,53,13,,Pink,,,"11-03-2014 13:05:04","11-03-2014 13:05:04"
"<span class=""expander""  >TMTSPIL-GREY</span>","<span class=""expander""  >Matras Pillow</span>","Bantal Kampuk",,"Home Living",53,53,13,,Grey,,,"11-03-2014 13:05:04","11-03-2014 13:05:04"
"<span class=""expander""  >TMTSPIL-BLK</span>","<span class=""expander""  >Matras Pillow</span>","Bantal Kampuk",,"Home Living",53,53,13,,Black,,,"11-03-2014 13:05:04","11-03-2014 13:05:04"
"<span class=""expander""  >TMTSPIL-BLU1</span>","<span class=""expander""  >Matras Pillow</span>","Bantal Kampuk",,"Home Living",53,53,13,,"Light Blue",,,"11-03-2014 13:05:04","11-03-2014 13:05:04"
"<span class=""expander""  >TMTSPIL-BLUA1</span>","<span class=""expander""  >Matras Pillow</span>","Bantal Kampuk",,"Home Living",53,53,13,,Blue,,,"11-03-2014 13:05:04","11-03-2014 13:05:04"
"<span class=""expander""  >TMTSPIL-BLUB1</span>","<span class=""expander""  >Matras Pillow</span>","Bantal Kampuk",,"Home Living",53,53,13,,"Dark Blue",,,"11-03-2014 13:05:04","11-03-2014 13:05:04"
"<span class=""expander""  >TMTSPIL-YLW</span>","<span class=""expander""  >Matras Pillow</span>","Bantal Kampuk",,"Home Living",53,53,13,,Yellow,,,"11-03-2014 13:05:04","11-03-2014 13:05:04"
"<span class=""expander""  >TMTSPIL-RED B1</span>","<span class=""expander""  >Matras Pillow</span>","Bantal Kampuk",,"Home Living",53,53,13,,Red,,,"11-03-2014 13:05:04","11-03-2014 13:05:04"
"<span class=""expander""  >TMTSPIL-ORG</span>","<span class=""expander""  >Matras Pillow</span>","Bantal Kampuk",,"Home Living",53,53,13,,Orange,,,"11-03-2014 13:05:04","11-03-2014 13:05:04"
"<span class=""expander""  >TMTSPIL-GRN 1</span>","<span class=""expander""  >Matras Pillow</span>","Bantal Kampuk",,"Home Living",53,53,13,,"Light Green",,,"11-03-2014 13:05:04","11-03-2014 13:05:04"
"<span class=""expander""  >TMTSPIL-GRN A1</span>","<span class=""expander""  >Matras Pillow</span>","Bantal Kampuk",,"Home Living",53,53,13,,Green,,,"11-03-2014 13:05:04","11-03-2014 13:05:04"
"<span class=""expander""  >TMTSPIL-GRN B1</span>","<span class=""expander""  >Matras Pillow</span>","Bantal Kampuk",,"Home Living",53,53,13,,"Dark Green",,,"11-03-2014 13:05:04","11-03-2014 13:05:04"
"<span class=""expander""  >TMTSKAM-PRPB1</span>","<span class=""expander""  >Matras Kampuk</span>","Matras Kampuk",,"Home Living",180,70,13,,"Dark Purple",,,"11-03-2014 13:05:04","11-03-2014 13:05:04"
"<span class=""expander""  >TMTSKAM-BLK</span>","<span class=""expander""  >Matras Kampuk</span>","Matras Kampuk",,"Home Living",180,70,13,,Black,,,"11-03-2014 13:05:04","11-03-2014 13:05:04"
"<span class=""expander""  >TMTSKAM-GREY</span>","<span class=""expander""  >Matras Kampuk</span>","Matras Kampuk",,"Home Living",180,70,13,,Grey,,,"11-03-2014 13:05:04","11-03-2014 13:05:04"
"<span class=""expander""  >TMTSKAM-BLU1</span>","<span class=""expander""  >Matras Kampuk</span>","Matras Kampuk",,"Home Living",180,70,13,,"Light Blue",,,"11-03-2014 13:05:04","11-03-2014 13:05:04"
"<span class=""expander""  >TMTSKAM-BLUA1</span>","<span class=""expander""  >Matras Kampuk</span>","Matras Kampuk",,"Home Living",180,70,13,,Blue,,,"11-03-2014 13:05:04","11-03-2014 13:05:04"
"<span class=""expander""  >TMTSKAM-BLUB1</span>","<span class=""expander""  >Matras Kampuk</span>","Matras Kampuk",,"Home Living",180,70,13,,"Dark Blue",,,"11-03-2014 13:05:04","11-03-2014 13:05:04"
"<span class=""expander""  >TMTSKAM-RED</span>","<span class=""expander""  >Matras Kampuk</span>","Matras Kampuk",,"Home Living",180,70,13,,Red,,,"11-03-2014 13:05:04","11-03-2014 13:05:04"
"<span class=""expander""  >TMTSKAM-YLW</span>","<span class=""expander""  >Matras Kampuk</span>","Matras Kampuk",,"Home Living",180,70,13,,Yellow,,,"11-03-2014 13:05:04","11-03-2014 13:05:04"
"<span class=""expander""  >TMTSKAM-ORG A1</span>","<span class=""expander""  >Matras Kampuk</span>","Matras Kampuk",,"Home Living",180,70,13,,Orange,,,"11-03-2014 13:05:04","11-03-2014 13:05:04"
"<span class=""expander""  >TMTSKAM-GRN 1</span>","<span class=""expander""  >Matras Kampuk</span>","Matras Kampuk",,"Home Living",180,70,13,,"Light Green",,,"11-03-2014 13:05:04","11-03-2014 13:05:04"
"<span class=""expander""  >TMTSKAM-GRN AI</span>","<span class=""expander""  >Matras Kampuk</span>","Matras Kampuk",,"Home Living",180,70,13,,Green,,,"11-03-2014 13:05:04","11-03-2014 13:05:04"
"<span class=""expander""  >TMTSKAM-GRN B1</span>","<span class=""expander""  >Matras Kampuk</span>","Matras Kampuk",,"Home Acc",180,70,13,,"Dark Green",,,"11-03-2014 13:05:04","11-03-2014 13:05:04"
"<span class=""expander""  >TPTB-?ORG</span>","<span class=""expander""  >Pillow ?  - Orange</span>","Pillow Tanda Baca",," Home Décor ",36,20,,,Orange,"Baby Canvas",,"11-03-2014 13:05:04","11-03-2014 13:05:04"
"<span class=""expander""  >TPTB-?BR</span>","<span class=""expander""  >Pillow ?  - Brown</span>","Pillow Tanda Baca",," Home Décor ",36,20,,,Brown,"Baby Canvas",,"11-03-2014 13:05:04","11-03-2014 13:05:04"
"<span class=""expander""  >TPTB-?BC</span>","<span class=""expander""  >Pillow ?  - Black</span>","Pillow Tanda Baca",," Home Décor ",36,20,,,Black,"Baby Canvas",,"11-03-2014 13:05:04","11-03-2014 13:05:04"
"<span class=""expander""  >TPTB-?RE</span>","<span class=""expander""  >Pillow ?  - Red</span>","Pillow Tanda Baca",," Home Décor ",36,20,,,Red,"Baby Canvas",,"11-03-2014 13:05:04","11-03-2014 13:05:04"
"<span class=""expander""  >TPTB-?DB</span>","<span class=""expander""  >Pillow ?  - Dark Blue</span>","Pillow Tanda Baca",," Home Décor ",36,20,,," Dark Blue ","Baby Canvas",,"11-03-2014 13:05:04","11-03-2014 13:05:04"
"<span class=""expander""  >TPTB-?WH</span>","<span class=""expander""  >Pillow ?  - Off White</span>","Pillow Tanda Baca",," Home Décor ",36,20,,," Off White ","Baby Canvas",,"11-03-2014 13:05:04","11-03-2014 13:05:04"
"<span class=""expander""  >TPTB-?CR</span>","<span class=""expander""  >Pillow ?  - Cream</span>","Pillow Tanda Baca",," Home Décor ",36,20,,," Cream ","Baby Canvas",,"11-03-2014 13:05:04","11-03-2014 13:05:04"
"<span class=""expander""  >TPTB-&ORG</span>","<span class=""expander""  >Pillow & - Orange</span>","Pillow Tanda Baca",," Home Décor ",40,40,10,," Orange ","Baby Canvas",,"11-03-2014 13:05:04","11-03-2014 13:05:04"
"<span class=""expander""  >TPTB-&RE</span>","<span class=""expander""  >Pillow & - Red</span>","Pillow Tanda Baca",," Home Décor ",40,40,10,," Red ","Baby Canvas",,"11-03-2014 13:05:04","11-03-2014 13:05:04"
"<span class=""expander""  >TPTB-&BC</span>","<span class=""expander""  >Pillow & - Black</span>","Pillow Tanda Baca",," Home Décor ",40,40,10,," Black ","Baby Canvas",,"11-03-2014 13:05:04","11-03-2014 13:05:04"
"<span class=""expander""  >TPTB-&CR</span>","<span class=""expander""  >Pillow & - Cream</span>","Pillow Tanda Baca",," Home Décor ",40,40,10,," Cream ","Baby Canvas",,"11-03-2014 13:05:04","11-03-2014 13:05:04"
"<span class=""expander""  >TPTB-&BR</span>","<span class=""expander""  >Pillow & - Brown</span>","Pillow Tanda Baca",," Home Décor ",40,40,10,," Brown ","Baby Canvas",,"11-03-2014 13:05:04","11-03-2014 13:05:04"
"<span class=""expander""  >TPTB-&WH</span>","<span class=""expander""  >Pillow & - Off White</span>","Pillow Tanda Baca",," Home Décor ",40,40,10,," Off White ","Baby Canvas",,"11-03-2014 13:05:04","11-03-2014 13:05:04"
"<span class=""expander""  >TPTB-&GR</span>","<span class=""expander""  >Pillow & - Grey</span>","Pillow Tanda Baca",," Home Décor ",40,40,10,," Grey ","Baby Canvas",,"11-03-2014 13:05:04","11-03-2014 13:05:04"
"<span class=""expander""  >TPTB-&KH</span>","<span class=""expander""  >Pillow & - Khaki</span>","Pillow Tanda Baca",," Home Décor ",40,40,10,," Khaki ","Baby Canvas",,"11-03-2014 13:05:04","11-03-2014 13:05:04"
"<span class=""expander""  >TPNUMB-9KH</span>","<span class=""expander""  >Angka 9-Khaki</span>","Pillow Angka ",," Home Décor ",40,40,10,," Khaki ","Baby Canvas",,"11-03-2014 13:05:04","11-03-2014 13:05:04"
"<span class=""expander""  >TPNUMB-9WH</span>","<span class=""expander""  >Angka 9-Off White</span>","Pillow Angka ",," Home Décor ",40,40,10,," Off White ","Baby Canvas",,"11-03-2014 13:05:04","11-03-2014 13:05:04"
"<span class=""expander""  >TPNUMB-9GR</span>","<span class=""expander""  >Angka 9-Grey</span>","Pillow Angka ",," Home Décor ",40,40,10,," Grey ","Baby Canvas",,"11-03-2014 13:05:04","11-03-2014 13:05:04"
"<span class=""expander""  >TPNUMB-9DB</span>","<span class=""expander""  >Angka 9-Dark Blue</span>","Pillow Angka ",," Home Décor ",40,40,10,," Dark Blue ","Baby Canvas",,"11-03-2014 13:05:04","11-03-2014 13:05:04"
"<span class=""expander""  >TPNUMB-9ORG</span>","<span class=""expander""  >Angka 9-Orange</span>","Pillow Angka ",," Home Décor ",40,40,10,," Orange ","Baby Canvas",,"11-03-2014 13:05:04","11-03-2014 13:05:04"
"<span class=""expander""  >TPNUMB-9RE</span>","<span class=""expander""  >Angka 9-Red</span>","Pillow Angka ",," Home Décor ",40,40,10,," Red ","Baby Canvas",,"11-03-2014 13:05:04","11-03-2014 13:05:04"
"<span class=""expander""  >TPNUMB-8WH</span>","<span class=""expander""  >Angka 8-Off White</span>","Pillow Angka ",," Home Décor ",40,40,10,," Off White ","Baby Canvas",,"11-03-2014 13:05:04","11-03-2014 13:05:04"
"<span class=""expander""  >TPNUMB-8KH</span>","<span class=""expander""  >Angka 8-Khaki</span>","Pillow Angka ",," Home Décor ",40,40,10,," Khaki ","Baby Canvas",,"11-03-2014 13:05:04","11-03-2014 13:05:04"
"<span class=""expander""  >TPNUMB-8GR</span>","<span class=""expander""  >Angka 8-Grey</span>","Pillow Angka ",," Home Décor ",40,40,10,," Grey ","Baby Canvas",,"11-03-2014 13:05:04","11-03-2014 13:05:04"
"<span class=""expander""  >TPNUMB-8DB</span>","<span class=""expander""  >Angka 8-Dark Blue</span>","Pillow Angka ",," Home Décor ",40,40,10,," Dark Blue ","Baby Canvas",,"11-03-2014 13:05:04","11-03-2014 13:05:04"
"<span class=""expander""  >TPNUMB-8ORG</span>","<span class=""expander""  >Angka 8-Orange</span>","Pillow Angka ",," Home Décor ",40,40,10,," Orange ","Baby Canvas",,"11-03-2014 13:05:04","11-03-2014 13:05:04"
"<span class=""expander""  >TPNUMB-8RE</span>","<span class=""expander""  >Angka 8-Red</span>","Pillow Angka ",," Home Décor ",40,40,10,," Red ","Baby Canvas",,"11-03-2014 13:05:04","11-03-2014 13:05:04"
"<span class=""expander""  >TPNUMB-7WH</span>","<span class=""expander""  >Angka 7-Off White</span>","Pillow Angka ",," Home Décor ",40,40,10,," Off White ","Baby Canvas",,"11-03-2014 13:05:04","11-03-2014 13:05:04"
"<span class=""expander""  >TPNUMB-7KH</span>","<span class=""expander""  >Angka 7-Khaki</span>","Pillow Angka ",," Home Décor ",40,40,10,," Khaki ","Baby Canvas",,"11-03-2014 13:05:04","11-03-2014 13:05:04"
"<span class=""expander""  >TPNUMB-7GR</span>","<span class=""expander""  >Angka 7-Grey</span>","Pillow Angka ",," Home Décor ",40,40,10,," Grey ","Baby Canvas",,"11-03-2014 13:05:04","11-03-2014 13:05:04"
"<span class=""expander""  >TPNUMB-7DB</span>","<span class=""expander""  >Angka 7-Dark Blue</span>","Pillow Angka ",," Home Décor ",40,40,10,," Dark Blue ","Baby Canvas",,"11-03-2014 13:05:04","11-03-2014 13:05:04"
"<span class=""expander""  >TPNUMB-7ORG</span>","<span class=""expander""  >Angka 7-Orange</span>","Pillow Angka ",," Home Décor ",40,40,10,," Orange ","Baby Canvas",,"11-03-2014 13:05:04","11-03-2014 13:05:04"
"<span class=""expander""  >TPNUMB-7RE</span>","<span class=""expander""  >Angka 7-Red</span>","Pillow Angka ",," Home Décor ",40,40,10,," Red ","Baby Canvas",,"11-03-2014 13:05:04","11-03-2014 13:05:04"
"<span class=""expander""  >TPNUMB-6WH</span>","<span class=""expander""  >Angka 6-Off White</span>","Pillow Angka ",," Home Décor ",40,40,10,," Off White ","Baby Canvas",,"11-03-2014 13:05:04","11-03-2014 13:05:04"
"<span class=""expander""  >TPNUMB-6KH</span>","<span class=""expander""  >Angka 6-Khaki</span>","Pillow Angka ",," Home Décor ",40,40,10,," Khaki ","Baby Canvas",,"11-03-2014 13:05:04","11-03-2014 13:05:04"
"<span class=""expander""  >TPNUMB-6GR</span>","<span class=""expander""  >Angka 6-Grey</span>","Pillow Angka ",," Home Décor ",40,40,10,," Grey ","Baby Canvas",,"11-03-2014 13:05:04","11-03-2014 13:05:04"
"<span class=""expander""  >TPNUMB-6DB</span>","<span class=""expander""  >Angka 6-Dark Blue</span>","Pillow Angka ",," Home Décor ",40,40,10,," Dark Blue ","Baby Canvas",,"11-03-2014 13:05:04","11-03-2014 13:05:04"
"<span class=""expander""  >TPNUMB-6ORG</span>","<span class=""expander""  >Angka 6-Orange</span>","Pillow Angka ",," Home Décor ",40,40,10,," Orange ","Baby Canvas",,"11-03-2014 13:05:04","11-03-2014 13:05:04"
"<span class=""expander""  >TPNUMB-6RE</span>","<span class=""expander""  >Angka 6-Red</span>","Pillow Angka ",," Home Décor ",40,40,10,," Red ","Baby Canvas",,"11-03-2014 13:05:04","11-03-2014 13:05:04"
"<span class=""expander""  >TPNUMB-5WH</span>","<span class=""expander""  >Angka 5-Off White</span>","Pillow Angka ",," Home Décor ",40,40,10,," Off White ","Baby Canvas",,"11-03-2014 13:05:04","11-03-2014 13:05:04"
"<span class=""expander""  >TPNUMB-5KH</span>","<span class=""expander""  >Angka 5-Khaki</span>","Pillow Angka ",," Home Décor ",40,40,10,," Khaki ","Baby Canvas",,"11-03-2014 13:05:04","11-03-2014 13:05:04"
"<span class=""expander""  >TPNUMB-5GR</span>","<span class=""expander""  >Angka 5-Grey</span>","Pillow Angka ",," Home Décor ",40,40,10,," Grey ","Baby Canvas",,"11-03-2014 13:05:04","11-03-2014 13:05:04"
"<span class=""expander""  >TPNUMB-5ORG</span>","<span class=""expander""  >Angka 5-Orange</span>","Pillow Angka ",," Home Décor ",40,40,10,," Orange ","Baby Canvas",,"11-03-2014 13:05:04","11-03-2014 13:05:04"
"<span class=""expander""  >TPNUMB-5DB</span>","<span class=""expander""  >Angka 5-Dark Blue</span>","Pillow Angka ",," Home Décor ",40,40,10,," Dark Blue ","Baby Canvas",,"11-03-2014 13:05:04","11-03-2014 13:05:04"
"<span class=""expander""  >TPNUMB-5RE</span>","<span class=""expander""  >Angka 5-Red</span>","Pillow Angka ",," Home Décor ",40,40,10,," Red ","Baby Canvas",,"11-03-2014 13:05:04","11-03-2014 13:05:04"
"<span class=""expander""  >TPNUMB-4WH</span>","<span class=""expander""  >Angka 4-Off White</span>","Pillow Angka ",," Home Décor ",40,40,10,," Off White ","Baby Canvas",,"11-03-2014 13:05:04","11-03-2014 13:05:04"
"<span class=""expander""  >TPNUMB-4KH</span>","<span class=""expander""  >Angka 4-Khaki</span>","Pillow Angka ",," Home Décor ",40,40,10,," Khaki ","Baby Canvas",,"11-03-2014 13:05:04","11-03-2014 13:05:04"
"<span class=""expander""  >TPNUMB-4GR</span>","<span class=""expander""  >Angka 4-Grey</span>","Pillow Angka ",," Home Décor ",40,40,10,," Grey ","Baby Canvas",,"11-03-2014 13:05:04","11-03-2014 13:05:04"
"<span class=""expander""  >TPNUMB-4DB</span>","<span class=""expander""  >Angka 4-Dark Blue</span>","Pillow Angka ",," Home Décor ",40,40,10,," Dark Blue ","Baby Canvas",,"11-03-2014 13:05:04","11-03-2014 13:05:04"
"<span class=""expander""  >TPNUMB-4ORG</span>","<span class=""expander""  >Angka 4-Orange</span>","Pillow Angka ",," Home Décor ",40,40,10,," Orange ","Baby Canvas",,"11-03-2014 13:05:04","11-03-2014 13:05:04"
"<span class=""expander""  >TPNUMB-4RE</span>","<span class=""expander""  >Angka 4-Red</span>","Pillow Angka ",," Home Décor ",40,40,10,," Red ","Baby Canvas",,"11-03-2014 13:05:04","11-03-2014 13:05:04"
"<span class=""expander""  >TPNUMB-3KH</span>","<span class=""expander""  >Angka 3-Khaki</span>","Pillow Angka ",," Home Décor ",40,40,10,," Khaki ","Baby Canvas",,"11-03-2014 13:05:04","11-03-2014 13:05:04"
"<span class=""expander""  >TPNUMB-3WH</span>","<span class=""expander""  >Angka 3-Off White</span>","Pillow Angka ",," Home Décor ",40,40,10,," Off White ","Baby Canvas",,"11-03-2014 13:05:04","11-03-2014 13:05:04"
"<span class=""expander""  >TPNUMB-3GR</span>","<span class=""expander""  >Angka 3-Grey</span>","Pillow Angka ",," Home Décor ",40,40,10,," Grey ","Baby Canvas",,"11-03-2014 13:05:04","11-03-2014 13:05:04"
"<span class=""expander""  >TPNUMB-3DB</span>","<span class=""expander""  >Angka 3-Dark Blue</span>","Pillow Angka ",," Home Décor ",40,40,10,," Dark Blue ","Baby Canvas",,"11-03-2014 13:05:04","11-03-2014 13:05:04"
"<span class=""expander""  >TPNUMB-3ORG</span>","<span class=""expander""  >Angka 3-Orange</span>","Pillow Angka ",," Home Décor ",40,40,10,," Orange ","Baby Canvas",,"11-03-2014 13:05:04","11-03-2014 13:05:04"
"<span class=""expander""  >TPNUMB-3RE</span>","<span class=""expander""  >Angka 3-Red</span>","Pillow Angka ",," Home Décor ",40,40,10,," Red ","Baby Canvas",,"11-03-2014 13:05:04","11-03-2014 13:05:04"
"<span class=""expander""  >TPNUMB-2WH</span>","<span class=""expander""  >Angka 2-Off White</span>","Pillow Angka ",," Home Décor ",40,40,10,," Off White ","Baby Canvas",,"11-03-2014 13:05:04","11-03-2014 13:05:04"
"<span class=""expander""  >TPNUMB-2KH</span>","<span class=""expander""  >Angka 2-Khaki</span>","Pillow Angka ",," Home Décor ",40,40,10,," Khaki ","Baby Canvas",,"11-03-2014 13:05:04","11-03-2014 13:05:04"
"<span class=""expander""  >TPNUMB-2GR</span>","<span class=""expander""  >Angka 2-Grey</span>","Pillow Angka ",," Home Décor ",40,40,10,," Grey ","Baby Canvas",,"11-03-2014 13:05:04","11-03-2014 13:05:04"
"<span class=""expander""  >TPNUMB-2DB</span>","<span class=""expander""  >Angka 2-Dark Blue</span>","Pillow Angka ",," Home Décor ",40,40,10,," Dark Blue ","Baby Canvas",,"11-03-2014 13:05:04","11-03-2014 13:05:04"
"<span class=""expander""  >TPNUMB-2ORG</span>","<span class=""expander""  >Angka 2-Orange</span>","Pillow Angka ",," Home Décor ",40,40,10,," Orange ","Baby Canvas",,"11-03-2014 13:05:04","11-03-2014 13:05:04"
"<span class=""expander""  >TPNUMB-2RE</span>","<span class=""expander""  >Angka 2-Red</span>","Pillow Angka ",," Home Décor ",40,40,10,," Red ","Baby Canvas",,"11-03-2014 13:05:04","11-03-2014 13:05:04"
"<span class=""expander""  >TPNUMB-1WH</span>","<span class=""expander""  >Angka 1-Off White</span>","Pillow Angka ",," Home Décor ",40,40,10,," Off White ","Baby Canvas",,"11-03-2014 13:05:04","11-03-2014 13:05:04"
"<span class=""expander""  >TPNUMB-1KH</span>","<span class=""expander""  >Angka 1-Khaki</span>","Pillow Angka ",," Home Décor ",40,40,10,," Khaki ","Baby Canvas",,"11-03-2014 13:05:04","11-03-2014 13:05:04"
"<span class=""expander""  >TPNUMB-1GR</span>","<span class=""expander""  >Angka 1-Grey</span>","Pillow Angka ",," Home Décor ",40,40,10,," Grey ","Baby Canvas",,"11-03-2014 13:05:04","11-03-2014 13:05:04"
"<span class=""expander""  >TPNUMB-1DB</span>","<span class=""expander""  >Angka 1-Dark Blue</span>","Pillow Angka ",," Home Décor ",40,40,10,," Dark Blue ","Baby Canvas",,"11-03-2014 13:05:04","11-03-2014 13:05:04"
"<span class=""expander""  >TPNUMB-1ORG</span>","<span class=""expander""  >Angka 1-Orange</span>","Pillow Angka ",," Home Décor ",40,40,10,," Orange ","Baby Canvas",,"11-03-2014 13:05:04","11-03-2014 13:05:04"
"<span class=""expander""  >TPNUMB-1RE</span>","<span class=""expander""  >Angka 1-Red</span>","Pillow Angka ",," Home Décor ",40,40,10,," Red ","Baby Canvas",,"11-03-2014 13:05:04","11-03-2014 13:05:04"
"<span class=""expander""  >TPNUMB-OWH</span>","<span class=""expander""  >Angka 0-Off White</span>","Pillow Angka ",," Home Décor ",40,40,10,," Off White ","Baby Canvas",,"11-03-2014 13:05:04","11-03-2014 13:05:04"
"<span class=""expander""  >TPNUMB-OKH</span>","<span class=""expander""  >Angka 0-Khaki</span>","Pillow Angka ",," Home Décor ",40,40,10,," Khaki ","Baby Canvas",,"11-03-2014 13:05:04","11-03-2014 13:05:04"
"<span class=""expander""  >TPNUMB-OGR</span>","<span class=""expander""  >Angka 0-Grey</span>","Pillow Angka ",," Home Décor ",40,40,10,," Grey ","Baby Canvas",,"11-03-2014 13:05:04","11-03-2014 13:05:04"
"<span class=""expander""  >TPNUMB-ODB</span>","<span class=""expander""  >Angka 0-Dark Blue</span>","Pillow Angka ",," Home Décor ",40,40,10,," Dark Blue ","Baby Canvas",,"11-03-2014 13:05:04","11-03-2014 13:05:04"
"<span class=""expander""  >TPNUMB-OORG</span>","<span class=""expander""  >Angka 0-Orange</span>","Pillow Angka ",," Home Décor ",40,40,10,," Orange ","Baby Canvas",,"11-03-2014 13:05:04","11-03-2014 13:05:04"
"<span class=""expander""  >TPNUMB-ORE</span>","<span class=""expander""  >Angka 0-Red</span>","Pillow Angka ",," Home Décor ",40,40,10,," Red ","Baby Canvas",,"11-03-2014 13:05:04","11-03-2014 13:05:04"
"<span class=""expander""  >TPCOP-GRO25</span>","<span class=""expander""  >Couple - Growth Old</span>","Pillow Valentine Serries",," Home Décor ",25,40,10,," Brown ","Baby Canvas",,"11-03-2014 13:05:04","11-03-2014 13:05:04"
"<span class=""expander""  >TPCOP-GRO</span>","<span class=""expander""  >Couple - Growth Old 40x40</span>","Pillow Valentine Serries",," Home Décor ",40,40,10,," Brown ","Baby Canvas",,"11-03-2014 13:05:04","11-03-2014 13:05:04"
"<span class=""expander""  >TPCOP-HOLD25</span>","<span class=""expander""  >Hold Hand</span>","Pillow Valentine Serries",," Home Décor ",25,40,10,," Red ","Baby Canvas",,"11-03-2014 13:05:04","11-03-2014 13:05:04"
"<span class=""expander""  >TPCOP-CUPID</span>","<span class=""expander""  >Couple - Cupid</span>","Pillow Valentine Serries",," Home Décor ",6,,,36,,"Baby Canvas",,"11-03-2014 13:05:04","11-03-2014 13:05:04"
"<span class=""expander""  >TPCOP-HOLD</span>","<span class=""expander""  >Hold Hand</span>","Pillow Valentine Serries",," Home Décor ",40,40,10,," Red ","Baby Canvas",,"11-03-2014 13:05:04","11-03-2014 13:05:04"
"<span class=""expander""  >TPCOP-LOVE25</span>","<span class=""expander""  >PS I Love You</span>","Pillow Valentine Serries",," Home Décor ",25,40,10,," Blue ","Baby Canvas",,"11-03-2014 13:05:04","11-03-2014 13:05:04"
"<span class=""expander""  >TPCOP-LOVE</span>","<span class=""expander""  >PS I Love You 40x40</span>","Pillow Valentine Serries",," Home Décor ",40,40,10,," Blue ","Baby Canvas",,"11-03-2014 13:05:04","11-03-2014 13:05:04"
"<span class=""expander""  >TPSIGN-SPEAK</span>","<span class=""expander""  >Don't Speak</span>","Pillow Sign",," Home Décor ",6,,,36," Red ","Tetoron Rayon",,"11-03-2014 13:05:04","11-03-2014 13:05:04"
"<span class=""expander""  >TPSIGN-PRK</span>","<span class=""expander""  >Don't Loud</span>","Pillow Sign",," Home Décor ",6,,,36," Red ","Tetoron Rayon",,"11-03-2014 13:05:04","11-03-2014 13:05:04"
"<span class=""expander""  >TPCU-MAKING</span>","<span class=""expander""  >Pillow Caution-Making Love</span>","Pillow Caution",," Home Décor ",35,40,10,," Yellow ","Tetoron Rayon",,"11-03-2014 13:05:04","11-03-2014 13:05:04"
"<span class=""expander""  >TPSIGN-STOP</span>","<span class=""expander""  >Stop</span>","Pillow Sign",," Home Décor ",6,,,36," Red ","Tetoron Rayon",,"11-03-2014 13:05:04","11-03-2014 13:05:04"
"<span class=""expander""  >TPCU-SLEEP</span>","<span class=""expander""  >Pillow Caution-Sleepiness</span>","Pillow Caution",," Home Décor ",35,40,10,," Yellow ","Tetoron Rayon",,"11-03-2014 13:05:04","11-03-2014 13:05:04"
"<span class=""expander""  >TPCU-FRIEND</span>","<span class=""expander""  >Pillow Caution-Friend Only</span>","Pillow Caution",," Home Décor ",35,40,10,," Yellow ","Tetoron Rayon",,"11-03-2014 13:05:04","11-03-2014 13:05:04"
"<span class=""expander""  >TPCU-POISON</span>","<span class=""expander""  >Pillow Caution-Poison</span>","Pillow Caution",," Home Décor ",35,40,10,," Yellow ","Tetoron Rayon",,"11-03-2014 13:05:04","11-03-2014 13:05:04"
"<span class=""expander""  >TPCU-WEARING</span>","<span class=""expander""  >Pillow Caution-Wearing</span>","Pillow Caution",," Home Décor ",35,40,10,," Yellow ","Tetoron Rayon",,"11-03-2014 13:05:04","11-03-2014 13:05:04"
"<span class=""expander""  >TPCU-GLOBAL</span>","<span class=""expander""  >Pillow Caution-Global Warning</span>","Pillow Caution",," Home Décor ",35,40,10,," Yellow ","Tetoron Rayon",,"11-03-2014 13:05:04","11-03-2014 13:05:04"
"<span class=""expander""  >TPCU-DO</span>","<span class=""expander""  >Pillow Caution-Do Not Touch</span>","Pillow Caution",," Home Décor ",35,40,10,," Yellow ","Tetoron Rayon",,"11-03-2014 13:05:04","11-03-2014 13:05:04"
,"<span class=""expander""  >Lace </span>","Pillow 25x57",," Home Décor ",25,40,10,," Black "," Baby Canvas ",,"11-03-2014 13:05:04","11-03-2014 13:05:04"
"<span class=""expander""  >TPSAYS-ORNG25</span>","<span class=""expander""  >Pillow Says-Orange</span>","Pillow 25x56",," Home Décor ",25,40,10,," Orange ","Tetoron Rayon",,"11-03-2014 13:05:04","11-03-2014 13:05:04"
"<span class=""expander""  >TPSAYS-WASABI25</span>","<span class=""expander""  >Pillow Says-Wasabi</span>","Pillow 25x54",," Home Décor ",25,40,10,," Green ","Tetoron Rayon",,"11-03-2014 13:05:04","11-03-2014 13:05:04"
"<span class=""expander""  >TPSAYS-GRAS25</span>","<span class=""expander""  >Pillow Says-Grass</span>","Pillow 25x55",," Home Décor ",25,40,10,," Green ","Tetoron Rayon",,"11-03-2014 13:05:04","11-03-2014 13:05:04"
"<span class=""expander""  >TPSAYS-PINK25</span>","<span class=""expander""  >Pillow Says-Pink</span>","Pillow 25x53",," Home Décor ",25,40,10,," Pink ","Tetoron Rayon",,"11-03-2014 13:05:04","11-03-2014 13:05:04"
"<span class=""expander""  >TPTALK-TONIGHT25</span>","<span class=""expander""  >Pillow Talk-Tonight-not tonight</span>","Pillow 25x52",," Home Décor ",25,40,10,," Dark Blue ","Tetoron Rayon",,"11-03-2014 13:05:04","11-03-2014 13:05:04"
"<span class=""expander""  >TPSAYS-FRUIT25</span>","<span class=""expander""  >Pillow Says-Passion Fruit</span>","Pillow 25x51",," Home Décor ",25,40,10,," Yellow ","Tetoron Rayon",,"11-03-2014 13:05:04","11-03-2014 13:05:04"
"<span class=""expander""  >TPSAYS-OCEAN25</span>","<span class=""expander""  >Pillow Says-Ocean</span>","Pillow 25x50",," Home Décor ",25,40,10,," Dark Blue ","Tetoron Rayon",,"11-03-2014 13:05:04","11-03-2014 13:05:04"
"<span class=""expander""  >TPSAYS-CLOUDS25</span>","<span class=""expander""  >Pillow Says-Clouds</span>","Pillow 25x49",," Home Décor ",25,40,10,," Blue ","Tetoron Rayon",,"11-03-2014 13:05:04","11-03-2014 13:05:04"
"<span class=""expander""  >TPTALK-STARTING25</span>","<span class=""expander""  >Pillow Talk-Starthing is everything</span>","Pillow 25x48",," Home Décor ",25,40,10,," Yellow ","Tetoron Rayon",,"11-03-2014 13:05:04","11-03-2014 13:05:04"
"<span class=""expander""  >TPTALK-SSH25</span>","<span class=""expander""  >Pillow Talk - sssh…</span>","Pillow 25x47",," Home Décor ",25,40,10,," Dark Grey ","Tetoron Rayon",,"11-03-2014 13:05:04","11-03-2014 13:05:04"
"<span class=""expander""  >TPTALK-MMH25</span>","<span class=""expander""  >Pillow Talk - mmmh…</span>","Pillow 25x46",," Home Décor ",25,40,10,," Dark Grey ","Tetoron Rayon",,"11-03-2014 13:05:04","11-03-2014 13:05:04"
"<span class=""expander""  >TPBV-JRK25</span>","<span class=""expander""  >Pillow Beverages-Es Jeruk</span>","Pillow 25x45",," Home Décor ",25,40,10,," Yellow ","Tetoron Rayon",,"11-03-2014 13:05:04","11-03-2014 13:05:04"
"<span class=""expander""  >TPBV-KOPI25</span>","<span class=""expander""  >Pillow Beverages-Kopi Tubruk</span>","Pillow 25x44",," Home Décor ",25,40,10,," Black ","Tetoron Rayon",,"11-03-2014 13:05:04","11-03-2014 13:05:04"
"<span class=""expander""  >TPBV-SKM25</span>","<span class=""expander""  >Pillow Beverages-Susu Kental manis</span>","Pillow 25x43",," Home Décor ",25,40,10,," Off White ","Tetoron Rayon",,"11-03-2014 13:05:04","11-03-2014 13:05:04"
"<span class=""expander""  >TPBV-SODA25</span>","<span class=""expander""  >Pillow Beverages-Soda Gembira</span>","Pillow 25x41",," Home Décor ",25,40,10,," Pink ","Tetoron Rayon",,"11-03-2014 13:05:04","11-03-2014 13:05:04"
"<span class=""expander""  >TPBV-SUSU25</span>","<span class=""expander""  >Pillow Beverages-Susu Sapi</span>","Pillow 25x42",," Home Décor ",25,40,10,," Blue ","Tetoron Rayon",,"11-03-2014 13:05:04","11-03-2014 13:05:04"
"<span class=""expander""  >TPSAVE-KKTUA</span>","<span class=""expander""  >Pillow Animal-Kakatua</span>","Pillow 40x65",," Home Décor ",40,40,10,," White-Black "," Canvas ",,"11-03-2014 13:05:04","11-03-2014 13:05:04"
"<span class=""expander""  >TPSAVE-BADAKC</span>","<span class=""expander""  >Pillow Animal-Badak Cream</span>","Pillow 40x64",," Home Décor ",40,40,10,," Cream-White "," Canvas ",,"11-03-2014 13:05:04","11-03-2014 13:05:04"
"<span class=""expander""  >TPSAVE-BADAK</span>","<span class=""expander""  >Pillow Animal-Badak</span>","Pillow 40x63",," Home Décor ",40,40,10,," Cream-Balck "," Canvas ",,"11-03-2014 13:05:04","11-03-2014 13:05:04"
"<span class=""expander""  >TPSAVE-PAUS</span>","<span class=""expander""  >Pillow Animal-Paus</span>","Pillow 40x62",," Home Décor ",40,40,10,," Blue "," Canvas ",,"11-03-2014 13:05:04","11-03-2014 13:05:04"
"<span class=""expander""  >TPSAYS-PINK</span>","<span class=""expander""  >Pillow Says - Pink</span>","Pillow 40x61",," Home Décor ",40,40,10,," Pink ","Tetoron Rayon",,"11-03-2014 13:05:04","11-03-2014 13:05:04"
"<span class=""expander""  >TPTALK-TONIGHT</span>","<span class=""expander""  >Pillow Talk - Tonight-not tonight</span>","Pillow 40x60",," Home Décor ",40,40,10,," Dark Grey ","Tetoron Rayon",,"11-03-2014 13:05:04","11-03-2014 13:05:04"
"<span class=""expander""  >TPTRS-VPWH</span>","<span class=""expander""  >Pillow Transport - Vespa </span>","Pillow 40x59",," Home Décor ",40,40,10,," White "," Combed ",,"11-03-2014 13:05:04","11-03-2014 13:05:04"
"<span class=""expander""  >TPTRS-VPBL</span>","<span class=""expander""  >Pillow Transport - Vespa </span>","Pillow 40x58",," Home Décor ",40,40,10,," Blue "," Combed ",,"11-03-2014 13:05:04","11-03-2014 13:05:04"
"<span class=""expander""  >TPTRS-VWCR</span>","<span class=""expander""  >Pillow Transport - VW </span>","Pillow 40x56",," Home Décor ",40,40,10,," Cream "," Combed ",,"11-03-2014 13:05:04","11-03-2014 13:05:04"
"<span class=""expander""  >TPTRS-VWBL</span>","<span class=""expander""  >Pillow Transport - VW</span>","Pillow 40x57",," Home Décor ",40,40,10,," Blue "," Combed ",,"11-03-2014 13:05:04","11-03-2014 13:05:04"
"<span class=""expander""  >TPTRS-BAJ</span>","<span class=""expander""  >Pillow Transport - Bajaj</span>","Pillow 40x55",," Home Décor ",40,40,10,," Orange "," Combed ",,"11-03-2014 13:05:04","11-03-2014 13:05:04"
"<span class=""expander""  >TPTRS-TRANS</span>","<span class=""expander""  >Pillow Transport - Trans</span>","Pillow 40x54",," Home Décor ",40,40,10,," Yellow "," Combed ",,"11-03-2014 13:05:04","11-03-2014 13:05:04"
"<span class=""expander""  >TPSAYS-CLOUDS</span>","<span class=""expander""  >Pillow Says - Clouds</span>","Pillow 40x53",," Home Décor ",40,40,10,," Blue ","Tetoron Rayon",,"11-03-2014 13:05:04","11-03-2014 13:05:04"
"<span class=""expander""  >TPSAYS-OCEAN</span>","<span class=""expander""  >Pillow Says - Ocean</span>","Pillow 40x52",," Home Décor ",40,40,10,," Dark Blue ","Tetoron Rayon",,"11-03-2014 13:05:04","11-03-2014 13:05:04"
"<span class=""expander""  >TPBV-JRK40</span>","<span class=""expander""  >Pillow Beverages-Es Jeruk</span>","Pillow 40x51",," Home Décor ",40,40,10,," Yellow ","Tetoron Rayon",,"11-03-2014 13:05:04","11-03-2014 13:05:04"
"<span class=""expander""  >TPBV-SKM40</span>","<span class=""expander""  >Pillow Beverages-Susu kental Manis</span>","Pillow 40x49",," Home Décor ",40,40,10,," Off White ","Tetoron Rayon",,"11-03-2014 13:05:04","11-03-2014 13:05:04"
"<span class=""expander""  >TPBV-KOPI40</span>","<span class=""expander""  >Pillow Beverages-Kopi Tubruk</span>","Pillow 40x50",," Home Décor ",40,40,10,," Black ","Tetoron Rayon",,"11-03-2014 13:05:04","11-03-2014 13:05:04"
"<span class=""expander""  >TPBV-SUSU40</span>","<span class=""expander""  >Pillow Beverages-Susu sapi</span>","Pillow 40x48",," Home Décor ",40,40,10,," Blue ","Tetoron Rayon",,"11-03-2014 13:05:04","11-03-2014 13:05:04"
"<span class=""expander""  >TPBV-SODA40</span>","<span class=""expander""  >Pillow Beverages-Soda Gembira</span>","Pillow 40x47",," Home Décor ",40,40,10,," Pink ","Tetoron Rayon",,"11-03-2014 13:05:04","11-03-2014 13:05:04"
"<span class=""expander""  >TPFL-BRAIN</span>","<span class=""expander""  >Pillow Film - With my Brain </span>","Pillow 40x46",," Home Décor ",40,40,10,," Green ","Tetoron Rayon",,"11-03-2014 13:05:04","11-03-2014 13:05:04"
"<span class=""expander""  >TPFL-SOME</span>","<span class=""expander""  >Pillow Film - Sometimes </span>","Pillow 40x45",," Home Décor ",40,40,10,," Red ","Tetoron Rayon",,"11-03-2014 13:05:04","11-03-2014 13:05:04"
"<span class=""expander""  >TPFL-INF</span>","<span class=""expander""  >Pillow Film - To Infinity </span>","Pillow 40x44",," Home Décor ",40,40,10,," Blue ","Tetoron Rayon",,"11-03-2014 13:05:04","11-03-2014 13:05:04"
"<span class=""expander""  >TPTALK-MMH</span>","<span class=""expander""  >Pillow Talk -Mmmh…</span>","Pillow 40x43",," Home Décor ",40,40,10,," Dark Grey ","Tetoron Rayon",,"11-03-2014 13:05:04","11-03-2014 13:05:04"
"<span class=""expander""  >TPTALK-SSH</span>","<span class=""expander""  >Pillow Talk - Sssh…</span>","Pillow 40x42",," Home Décor ",40,40,10,,"Dark Grey ","Tetoron Rayon",,"11-03-2014 13:05:04","11-03-2014 13:05:04"
"<span class=""expander""  >TPTALK-STARTING</span>","<span class=""expander""  >Pillow Talk -Starting is Everything</span>","Pillow 40x41",," Home Décor ",40,40,10,,"Yellow ","Tetoron Rayon",,"11-03-2014 13:05:04","11-03-2014 13:05:04"
"<span class=""expander""  >TPAL-ZCM</span>","<span class=""expander""  >Pillow Alphabet Z</span>","Pillow Alphabet",," Home Décor ",40,40,10,,Cream,"Baby Canvas",,"11-03-2014 13:05:04","11-03-2014 13:05:04"
"<span class=""expander""  >TPAL-ZBL</span>","<span class=""expander""  >Pillow Alphabet Z</span>","Pillow Alphabet",," Home Décor ",40,40,10,,Blue,"Baby Canvas",,"11-03-2014 13:05:04","11-03-2014 13:05:04"
"<span class=""expander""  >TPAL-ZBR</span>","<span class=""expander""  >Pillow Alphabet Z</span>","Pillow Alphabet",," Home Décor ",40,40,10,,Brown,"Baby Canvas",,"11-03-2014 13:05:04","11-03-2014 13:05:04"
"<span class=""expander""  >TPAL-ZBC</span>","<span class=""expander""  >Pillow Alphabet Z</span>","Pillow Alphabet",," Home Décor ",40,40,10,,Black,"Baby Canvas",,"11-03-2014 13:05:04","11-03-2014 13:05:04"
"<span class=""expander""  >TPAL-ZRE</span>","<span class=""expander""  >Pillow Alphabet Z</span>","Pillow Alphabet",," Home Décor ",40,40,10,,Red,"Baby Canvas",,"11-03-2014 13:05:04","11-03-2014 13:05:04"
"<span class=""expander""  >TPAL-YCM</span>","<span class=""expander""  >Pillow Alphabet Y</span>","Pillow Alphabet",," Home Décor ",40,40,10,,Cream,"Baby Canvas",,"11-03-2014 13:05:04","11-03-2014 13:05:04"
"<span class=""expander""  >TPAL-YBR</span>","<span class=""expander""  >Pillow Alphabet Y</span>","Pillow Alphabet",," Home Décor ",40,40,10,,Brown,"Baby Canvas",,"11-03-2014 13:05:04","11-03-2014 13:05:04"
"<span class=""expander""  >TPAL-YBL</span>","<span class=""expander""  >Pillow Alphabet Y</span>","Pillow Alphabet",," Home Décor ",40,40,10,,Blue,"Baby Canvas",,"11-03-2014 13:05:04","11-03-2014 13:05:04"
"<span class=""expander""  >TPAL-YBC</span>","<span class=""expander""  >Pillow Alphabet Y</span>","Pillow Alphabet",," Home Décor ",40,40,10,,Black,"Baby Canvas",,"11-03-2014 13:05:04","11-03-2014 13:05:04"
"<span class=""expander""  >TPAL-YRE</span>","<span class=""expander""  >Pillow Alphabet Y</span>","Pillow Alphabet",," Home Décor ",40,40,10,,Red,"Baby Canvas",,"11-03-2014 13:05:04","11-03-2014 13:05:04"
"<span class=""expander""  >TPAL-XCM</span>","<span class=""expander""  >Pillow Alphabet X</span>","Pillow Alphabet",," Home Décor ",40,40,10,,Cream,"Baby Canvas",,"11-03-2014 13:05:04","11-03-2014 13:05:04"
"<span class=""expander""  >TPAL-XBR</span>","<span class=""expander""  >Pillow Alphabet X</span>","Pillow Alphabet",," Home Décor ",40,40,10,,Brown,"Baby Canvas",,"11-03-2014 13:05:04","11-03-2014 13:05:04"
"<span class=""expander""  >TPAL-XBL</span>","<span class=""expander""  >Pillow Alphabet X</span>","Pillow Alphabet",," Home Décor ",40,40,10,,Blue,"Baby Canvas",,"11-03-2014 13:05:04","11-03-2014 13:05:04"
"<span class=""expander""  >TPAL-XBC</span>","<span class=""expander""  >Pillow Alphabet X</span>","Pillow Alphabet",," Home Décor ",40,40,10,,Black,"Baby Canvas",,"11-03-2014 13:05:04","11-03-2014 13:05:04"
"<span class=""expander""  >TPAL-XRE</span>","<span class=""expander""  >Pillow Alphabet X</span>","Pillow Alphabet",," Home Décor ",40,40,10,,Red,"Baby Canvas",,"11-03-2014 13:05:04","11-03-2014 13:05:04"
"<span class=""expander""  >TPAL-WCM</span>","<span class=""expander""  >Pillow Alphabet W</span>","Pillow Alphabet",," Home Décor ",40,40,10,,Cream,"Baby Canvas",,"11-03-2014 13:05:04","11-03-2014 13:05:04"
"<span class=""expander""  >TPAL-WBL</span>","<span class=""expander""  >Pillow Alphabet W</span>","Pillow Alphabet",," Home Décor ",40,40,10,,Blue,"Baby Canvas",,"11-03-2014 13:05:04","11-03-2014 13:05:04"
"<span class=""expander""  >TPAL-WBR</span>","<span class=""expander""  >Pillow Alphabet W</span>","Pillow Alphabet",," Home Décor ",40,40,10,,Brown,"Baby Canvas",,"11-03-2014 13:05:04","11-03-2014 13:05:04"
"<span class=""expander""  >TPAL-WBC</span>","<span class=""expander""  >Pillow Alphabet W</span>","Pillow Alphabet",," Home Décor ",40,40,10,,Black,"Baby Canvas",,"11-03-2014 13:05:04","11-03-2014 13:05:04"
"<span class=""expander""  >TPAL-WRE</span>","<span class=""expander""  >Pillow Alphabet W</span>","Pillow Alphabet",," Home Décor ",40,40,10,,Red,"Baby Canvas",,"11-03-2014 13:05:04","11-03-2014 13:05:04"
"<span class=""expander""  >TPAL-VCM</span>","<span class=""expander""  >Pillow Alphabet V</span>","Pillow Alphabet",," Home Décor ",40,40,10,,Cream,"Baby Canvas",,"11-03-2014 13:05:04","11-03-2014 13:05:04"
"<span class=""expander""  >TPAL-VBR</span>","<span class=""expander""  >Pillow Alphabet V</span>","Pillow Alphabet",," Home Décor ",40,40,10,,Brown,"Baby Canvas",,"11-03-2014 13:05:04","11-03-2014 13:05:04"
"<span class=""expander""  >TPAL-VBL</span>","<span class=""expander""  >Pillow Alphabet V</span>","Pillow Alphabet",," Home Décor ",40,40,10,,Blue,"Baby Canvas",,"11-03-2014 13:05:04","11-03-2014 13:05:04"
"<span class=""expander""  >TPAL-VBC</span>","<span class=""expander""  >Pillow Alphabet V</span>","Pillow Alphabet",," Home Décor ",40,40,10,,Black,"Baby Canvas",,"11-03-2014 13:05:04","11-03-2014 13:05:04"
"<span class=""expander""  >TPAL-VRE</span>","<span class=""expander""  >Pillow Alphabet V</span>","Pillow Alphabet",," Home Décor ",40,40,10,,Red,"Baby Canvas",,"11-03-2014 13:05:04","11-03-2014 13:05:04"
"<span class=""expander""  >TPAL-UBR</span>","<span class=""expander""  >Pillow Alphabet U</span>","Pillow Alphabet",," Home Décor ",40,40,10,,Brown,"Baby Canvas",,"11-03-2014 13:05:04","11-03-2014 13:05:04"
"<span class=""expander""  >TPAL-UCM</span>","<span class=""expander""  >Pillow Alphabet U</span>","Pillow Alphabet",," Home Décor ",40,40,10,,Cream,"Baby Canvas",,"11-03-2014 13:05:04","11-03-2014 13:05:04"
"<span class=""expander""  >TPAL-UBL</span>","<span class=""expander""  >Pillow Alphabet U</span>","Pillow Alphabet",," Home Décor ",40,40,10,,Blue,"Baby Canvas",,"11-03-2014 13:05:04","11-03-2014 13:05:04"
"<span class=""expander""  >TPAL-UBC</span>","<span class=""expander""  >Pillow Alphabet U</span>","Pillow Alphabet",," Home Décor ",40,40,10,,Black,"Baby Canvas",,"11-03-2014 13:05:04","11-03-2014 13:05:04"
"<span class=""expander""  >TPAL-URE</span>","<span class=""expander""  >Pillow Alphabet U</span>","Pillow Alphabet",," Home Décor ",40,40,10,,Red,"Baby Canvas",,"11-03-2014 13:05:04","11-03-2014 13:05:04"
"<span class=""expander""  >TPAL-TCM</span>","<span class=""expander""  >Pillow Alphabet T</span>","Pillow Alphabet",," Home Décor ",40,40,10,,Cream,"Baby Canvas",,"11-03-2014 13:05:04","11-03-2014 13:05:04"
"<span class=""expander""  >TPAL-TBR</span>","<span class=""expander""  >Pillow Alphabet T</span>","Pillow Alphabet",," Home Décor ",40,40,10,,Brown,"Baby Canvas",,"11-03-2014 13:05:04","11-03-2014 13:05:04"
"<span class=""expander""  >TPAL-TBL</span>","<span class=""expander""  >Pillow Alphabet T</span>","Pillow Alphabet",," Home Décor ",40,40,10,,Blue,"Baby Canvas",,"11-03-2014 13:05:04","11-03-2014 13:05:04"
"<span class=""expander""  >TPAL-TBC</span>","<span class=""expander""  >Pillow Alphabet T</span>","Pillow Alphabet",," Home Décor ",40,40,10,,Black,"Baby Canvas",,"11-03-2014 13:05:04","11-03-2014 13:05:04"
"<span class=""expander""  >TPAL-TRE</span>","<span class=""expander""  >Pillow Alphabet T</span>","Pillow Alphabet",," Home Décor ",40,40,10,,Red,"Baby Canvas",,"11-03-2014 13:05:04","11-03-2014 13:05:04"
"<span class=""expander""  >TPAL-SCM</span>","<span class=""expander""  >Pillow Alphabet S</span>","Pillow Alphabet",," Home Décor ",40,40,10,,Cream,"Baby Canvas",,"11-03-2014 13:05:04","11-03-2014 13:05:04"
"<span class=""expander""  >TPAL-SBL</span>","<span class=""expander""  >Pillow Alphabet S</span>","Pillow Alphabet",," Home Décor ",40,40,10,,Blue,"Baby Canvas",,"11-03-2014 13:05:04","11-03-2014 13:05:04"
"<span class=""expander""  >TPAL-SBR</span>","<span class=""expander""  >Pillow Alphabet S</span>","Pillow Alphabet",," Home Décor ",40,40,10,,Brown,"Baby Canvas",,"11-03-2014 13:05:04","11-03-2014 13:05:04"
"<span class=""expander""  >TPAL-SBC</span>","<span class=""expander""  >Pillow Alphabet S</span>","Pillow Alphabet",," Home Décor ",40,40,10,,Black,"Baby Canvas",,"11-03-2014 13:05:04","11-03-2014 13:05:04"
"<span class=""expander""  >TPAL-SRE</span>","<span class=""expander""  >Pillow Alphabet S</span>","Pillow Alphabet",," Home Décor ",40,40,10,,Red,"Baby Canvas",,"11-03-2014 13:05:04","11-03-2014 13:05:04"
"<span class=""expander""  >TPAL-RCM</span>","<span class=""expander""  >Pillow Alphabet R</span>","Pillow Alphabet",," Home Décor ",40,40,10,,Cream,"Baby Canvas",,"11-03-2014 13:05:04","11-03-2014 13:05:04"
"<span class=""expander""  >TPAL-RBR</span>","<span class=""expander""  >Pillow Alphabet R</span>","Pillow Alphabet",," Home Décor ",40,40,10,,Brown,"Baby Canvas",,"11-03-2014 13:05:04","11-03-2014 13:05:04"
"<span class=""expander""  >TPAL-RBL</span>","<span class=""expander""  >Pillow Alphabet R</span>","Pillow Alphabet",," Home Décor ",40,40,10,,Blue,"Baby Canvas",,"11-03-2014 13:05:04","11-03-2014 13:05:04"
"<span class=""expander""  >TPAL-RBC</span>","<span class=""expander""  >Pillow Alphabet R</span>","Pillow Alphabet",," Home Décor ",40,40,10,,Black,"Baby Canvas",,"11-03-2014 13:05:04","11-03-2014 13:05:04"
"<span class=""expander""  >TPAL-RRE</span>","<span class=""expander""  >Pillow Alphabet R</span>","Pillow Alphabet",," Home Décor ",40,40,10,,Red,"Baby Canvas",,"11-03-2014 13:05:04","11-03-2014 13:05:04"
"<span class=""expander""  >TPAL-QCM</span>","<span class=""expander""  >Pillow Alphabet Q</span>","Pillow Alphabet",," Home Décor ",40,40,10,,Cream,"Baby Canvas",,"11-03-2014 13:05:04","11-03-2014 13:05:04"
"<span class=""expander""  >TPAL-QBR</span>","<span class=""expander""  >Pillow Alphabet Q</span>","Pillow Alphabet",," Home Décor ",40,40,10,,Brown,"Baby Canvas",,"11-03-2014 13:05:04","11-03-2014 13:05:04"
"<span class=""expander""  >TPAL-QBL</span>","<span class=""expander""  >Pillow Alphabet Q</span>","Pillow Alphabet",," Home Décor ",40,40,10,,Blue,"Baby Canvas",,"11-03-2014 13:05:04","11-03-2014 13:05:04"
"<span class=""expander""  >TPAL-QBC</span>","<span class=""expander""  >Pillow Alphabet Q</span>","Pillow Alphabet",," Home Décor ",40,40,10,,Black,"Baby Canvas",,"11-03-2014 13:05:04","11-03-2014 13:05:04"
"<span class=""expander""  >TPAL-QRE</span>","<span class=""expander""  >Pillow Alphabet Q</span>","Pillow Alphabet",," Home Décor ",40,40,10,,Red,"Baby Canvas",,"11-03-2014 13:05:04","11-03-2014 13:05:04"
"<span class=""expander""  >TPAL-PBR</span>","<span class=""expander""  >Pillow Alphabet P</span>","Pillow Alphabet",," Home Décor ",40,40,10,,Brown,"Baby Canvas",,"11-03-2014 13:05:04","11-03-2014 13:05:04"
"<span class=""expander""  >TPAL-PCM</span>","<span class=""expander""  >Pillow Alphabet P</span>","Pillow Alphabet",," Home Décor ",40,40,10,,Cream,"Baby Canvas",,"11-03-2014 13:05:04","11-03-2014 13:05:04"
"<span class=""expander""  >TPAL-PBL</span>","<span class=""expander""  >Pillow Alphabet P</span>","Pillow Alphabet",," Home Décor ",40,40,10,,Blue,"Baby Canvas",,"11-03-2014 13:05:04","11-03-2014 13:05:04"
"<span class=""expander""  >TPAL-PBC</span>","<span class=""expander""  >Pillow Alphabet P</span>","Pillow Alphabet",," Home Décor ",40,40,10,,Black,"Baby Canvas",,"11-03-2014 13:05:04","11-03-2014 13:05:04"
"<span class=""expander""  >TPAL-PRE</span>","<span class=""expander""  >Pillow Alphabet P</span>","Pillow Alphabet",," Home Décor ",40,40,10,,Red,"Baby Canvas",,"11-03-2014 13:05:04","11-03-2014 13:05:04"
"<span class=""expander""  >TPAL-OCM</span>","<span class=""expander""  >Pillow Alphabet O</span>","Pillow Alphabet",," Home Décor ",40,40,10,,Cream,"Baby Canvas",,"11-03-2014 13:05:04","11-03-2014 13:05:04"
"<span class=""expander""  >TPAL-OBL</span>","<span class=""expander""  >Pillow Alphabet O</span>","Pillow Alphabet",," Home Décor ",40,40,10,,Blue,"Baby Canvas",,"11-03-2014 13:05:04","11-03-2014 13:05:04"
"<span class=""expander""  >TPAL-OBR</span>","<span class=""expander""  >Pillow Alphabet O</span>","Pillow Alphabet",," Home Décor ",40,40,10,,Brown,"Baby Canvas",,"11-03-2014 13:05:04","11-03-2014 13:05:04"
"<span class=""expander""  >TPAL-OBC</span>","<span class=""expander""  >Pillow Alphabet O</span>","Pillow Alphabet",," Home Décor ",40,40,10,,Black,"Baby Canvas",,"11-03-2014 13:05:04","11-03-2014 13:05:04"
"<span class=""expander""  >TPAL-ORE</span>","<span class=""expander""  >Pillow Alphabet O</span>","Pillow Alphabet",," Home Décor ",40,40,10,,Red,"Baby Canvas",,"11-03-2014 13:05:04","11-03-2014 13:05:04"
"<span class=""expander""  >TPAL-NCM</span>","<span class=""expander""  >Pillow Alphabet N</span>","Pillow Alphabet",," Home Décor ",40,40,10,,Cream,"Baby Canvas",,"11-03-2014 13:05:04","11-03-2014 13:05:04"
"<span class=""expander""  >TPAL-NBR</span>","<span class=""expander""  >Pillow Alphabet N</span>","Pillow Alphabet",," Home Décor ",40,40,10,,Brown,"Baby Canvas",,"11-03-2014 13:05:04","11-03-2014 13:05:04"
"<span class=""expander""  >TPAL-NBL</span>","<span class=""expander""  >Pillow Alphabet N</span>","Pillow Alphabet",," Home Décor ",40,40,10,,Blue,"Baby Canvas",,"11-03-2014 13:05:04","11-03-2014 13:05:04"
"<span class=""expander""  >TPAL-NBC</span>","<span class=""expander""  >Pillow Alphabet N</span>","Pillow Alphabet",," Home Décor ",40,40,10,,Black,"Baby Canvas",,"11-03-2014 13:05:04","11-03-2014 13:05:04"
"<span class=""expander""  >TPAL-NRE</span>","<span class=""expander""  >Pillow Alphabet N</span>","Pillow Alphabet",," Home Décor ",40,40,10,,Red,"Baby Canvas",,"11-03-2014 13:05:04","11-03-2014 13:05:04"
"<span class=""expander""  >TPAL-MCM</span>","<span class=""expander""  >Pillow Alphabet M</span>","Pillow Alphabet",," Home Décor ",40,40,10,,Cream,"Baby Canvas",,"11-03-2014 13:05:04","11-03-2014 13:05:04"
"<span class=""expander""  >TPAL-MBR</span>","<span class=""expander""  >Pillow Alphabet M</span>","Pillow Alphabet",," Home Décor ",40,40,10,,Brown,"Baby Canvas",,"11-03-2014 13:05:04","11-03-2014 13:05:04"
"<span class=""expander""  >TPAL-MBC</span>","<span class=""expander""  >Pillow Alphabet M</span>","Pillow Alphabet",," Home Décor ",40,40,10,,Black,"Baby Canvas",,"11-03-2014 13:05:04","11-03-2014 13:05:04"
"<span class=""expander""  >TPAL-MBL</span>","<span class=""expander""  >Pillow Alphabet M</span>","Pillow Alphabet",," Home Décor ",40,40,10,,Blue,"Baby Canvas",,"11-03-2014 13:05:04","11-03-2014 13:05:04"
"<span class=""expander""  >TPAL-MRE</span>","<span class=""expander""  >Pillow Alphabet M</span>","Pillow Alphabet",," Home Décor ",40,40,10,,Red,"Baby Canvas",,"11-03-2014 13:05:04","11-03-2014 13:05:04"
"<span class=""expander""  >TPAL-LCM</span>","<span class=""expander""  >Pillow Alphabet L</span>","Pillow Alphabet",," Home Décor ",40,40,10,,Cream,"Baby Canvas",,"11-03-2014 13:05:04","11-03-2014 13:05:04"
"<span class=""expander""  >TPAL-LBR</span>","<span class=""expander""  >Pillow Alphabet L</span>","Pillow Alphabet",," Home Décor ",40,40,10,,Brown,"Baby Canvas",,"11-03-2014 13:05:04","11-03-2014 13:05:04"
"<span class=""expander""  >TPAL-LBL</span>","<span class=""expander""  >Pillow Alphabet L</span>","Pillow Alphabet",," Home Décor ",40,40,10,,Blue,"Baby Canvas",,"11-03-2014 13:05:04","11-03-2014 13:05:04"
"<span class=""expander""  >TPAL-LRE</span>","<span class=""expander""  >Pillow Alphabet L</span>","Pillow Alphabet",," Home Décor ",40,40,10,,Red,"Baby Canvas",,"11-03-2014 13:05:04","11-03-2014 13:05:04"
"<span class=""expander""  >TPAL-LBC</span>","<span class=""expander""  >Pillow Alphabet L</span>","Pillow Alphabet",," Home Décor ",40,40,10,,Black,"Baby Canvas",,"11-03-2014 13:05:04","11-03-2014 13:05:04"
"<span class=""expander""  >TPAL-KCM</span>","<span class=""expander""  >Pillow Alphabet K</span>","Pillow Alphabet",," Home Décor ",40,40,10,,Cream,"Baby Canvas",,"11-03-2014 13:05:04","11-03-2014 13:05:04"
"<span class=""expander""  >TPAL-KBR</span>","<span class=""expander""  >Pillow Alphabet K</span>","Pillow Alphabet",," Home Décor ",40,40,10,,Brown,"Baby Canvas",,"11-03-2014 13:05:04","11-03-2014 13:05:04"
"<span class=""expander""  >TPAL-KBL</span>","<span class=""expander""  >Pillow Alphabet K</span>","Pillow Alphabet",," Home Décor ",40,40,10,,Blue,"Baby Canvas",,"11-03-2014 13:05:04","11-03-2014 13:05:04"
"<span class=""expander""  >TPAL-KBC</span>","<span class=""expander""  >Pillow Alphabet K</span>","Pillow Alphabet",," Home Décor ",40,40,10,,Black,"Baby Canvas",,"11-03-2014 13:05:04","11-03-2014 13:05:04"
"<span class=""expander""  >TPAL-KRE</span>","<span class=""expander""  >Pillow Alphabet K</span>","Pillow Alphabet",," Home Décor ",40,40,10,,Red,"Baby Canvas",,"11-03-2014 13:05:04","11-03-2014 13:05:04"
"<span class=""expander""  >TPAL-JCM</span>","<span class=""expander""  >Pillow Alphabet J</span>","Pillow Alphabet",," Home Décor ",40,40,10,,Cream,"Baby Canvas",,"11-03-2014 13:05:04","11-03-2014 13:05:04"
"<span class=""expander""  >TPAL-JBR</span>","<span class=""expander""  >Pillow Alphabet J</span>","Pillow Alphabet",," Home Décor ",40,40,10,,Brown,"Baby Canvas",,"11-03-2014 13:05:04","11-03-2014 13:05:04"
"<span class=""expander""  >TPAL-JBL</span>","<span class=""expander""  >Pillow Alphabet J</span>","Pillow Alphabet",," Home Décor ",40,40,10,,Blue,"Baby Canvas",,"11-03-2014 13:05:04","11-03-2014 13:05:04"
"<span class=""expander""  >TPAL-JBC</span>","<span class=""expander""  >Pillow Alphabet J</span>","Pillow Alphabet",," Home Décor ",40,40,10,,Black,"Baby Canvas",,"11-03-2014 13:05:04","11-03-2014 13:05:04"
"<span class=""expander""  >TPAL-JRE</span>","<span class=""expander""  >Pillow Alphabet J</span>","Pillow Alphabet",," Home Décor ",40,40,10,,Red,"Baby Canvas",,"11-03-2014 13:05:04","11-03-2014 13:05:04"
"<span class=""expander""  >TPAL-ICM</span>","<span class=""expander""  >Pillow Alphabet I</span>","Pillow Alphabet",," Home Décor ",40,40,10,,Cream,"Baby Canvas",,"11-03-2014 13:05:04","11-03-2014 13:05:04"
"<span class=""expander""  >TPAL-IBR</span>","<span class=""expander""  >Pillow Alphabet I</span>","Pillow Alphabet",," Home Décor ",40,40,10,,Brown,"Baby Canvas",,"11-03-2014 13:05:04","11-03-2014 13:05:04"
"<span class=""expander""  >TPAL-IBL</span>","<span class=""expander""  >Pillow Alphabet I</span>","Pillow Alphabet",," Home Décor ",40,40,10,,Blue,"Baby Canvas",,"11-03-2014 13:05:04","11-03-2014 13:05:04"
"<span class=""expander""  >TPAL-IBC</span>","<span class=""expander""  >Pillow Alphabet I</span>","Pillow Alphabet",," Home Décor ",40,40,10,,Black,"Baby Canvas",,"11-03-2014 13:05:04","11-03-2014 13:05:04"
"<span class=""expander""  >TPAL-IRE</span>","<span class=""expander""  >Pillow Alphabet I</span>","Pillow Alphabet",," Home Décor ",40,40,10,,Red,"Baby Canvas",,"11-03-2014 13:05:04","11-03-2014 13:05:04"
"<span class=""expander""  >TPAL-HCM</span>","<span class=""expander""  >Pillow Alphabet H</span>","Pillow Alphabet",," Home Décor ",40,40,10,,Cream,"Baby Canvas",,"11-03-2014 13:05:04","11-03-2014 13:05:04"
"<span class=""expander""  >TPAL-HBR</span>","<span class=""expander""  >Pillow Alphabet H</span>","Pillow Alphabet",," Home Décor ",40,40,10,,Brown,"Baby Canvas",,"11-03-2014 13:05:04","11-03-2014 13:05:04"
"<span class=""expander""  >TPAL-HBL</span>","<span class=""expander""  >Pillow Alphabet H</span>","Pillow Alphabet",," Home Décor ",40,40,10,,Blue,"Baby Canvas",,"11-03-2014 13:05:04","11-03-2014 13:05:04"
"<span class=""expander""  >TPAL-HRE</span>","<span class=""expander""  >Pillow Alphabet H</span>","Pillow Alphabet",," Home Décor ",40,40,10,,Red,"Baby Canvas",,"11-03-2014 13:05:04","11-03-2014 13:05:04"
"<span class=""expander""  >TPAL-HBC</span>","<span class=""expander""  >Pillow Alphabet H</span>","Pillow Alphabet",," Home Décor ",40,40,10,,Black,"Baby Canvas",,"11-03-2014 13:05:04","11-03-2014 13:05:04"
"<span class=""expander""  >TPAL-GCM</span>","<span class=""expander""  >Pillow Alphabet G</span>","Pillow Alphabet",," Home Décor ",40,40,10,,Cream,"Baby Canvas",,"11-03-2014 13:05:04","11-03-2014 13:05:04"
"<span class=""expander""  >TPAL-GBR</span>","<span class=""expander""  >Pillow Alphabet G</span>","Pillow Alphabet",," Home Décor ",40,40,10,,Brown,"Baby Canvas",,"11-03-2014 13:05:04","11-03-2014 13:05:04"
"<span class=""expander""  >TPAL-GBL</span>","<span class=""expander""  >Pillow Alphabet G</span>","Pillow Alphabet",," Home Décor ",40,40,10,,Blue,"Baby Canvas",,"11-03-2014 13:05:04","11-03-2014 13:05:04"
"<span class=""expander""  >TPAL-GBC</span>","<span class=""expander""  >Pillow Alphabet G</span>","Pillow Alphabet",," Home Décor ",40,40,10,,Black,"Baby Canvas",,"11-03-2014 13:05:04","11-03-2014 13:05:04"
"<span class=""expander""  >TPAL-GRE</span>","<span class=""expander""  >Pillow Alphabet G</span>","Pillow Alphabet",," Home Décor ",40,40,10,,Red,"Baby Canvas",,"11-03-2014 13:05:04","11-03-2014 13:05:04"
"<span class=""expander""  >TPAL-FCM</span>","<span class=""expander""  >Pillow Alphabet F</span>","Pillow Alphabet",," Home Décor ",40,40,10,,Cream,"Baby Canvas",,"11-03-2014 13:05:04","11-03-2014 13:05:04"
"<span class=""expander""  >TPAL-FBR</span>","<span class=""expander""  >Pillow Alphabet F</span>","Pillow Alphabet",," Home Décor ",40,40,10,,Brown,"Baby Canvas",,"11-03-2014 13:05:04","11-03-2014 13:05:04"
"<span class=""expander""  >TPAL-FBL</span>","<span class=""expander""  >Pillow Alphabet F</span>","Pillow Alphabet",," Home Décor ",40,40,10,,Blue,"Baby Canvas",,"11-03-2014 13:05:04","11-03-2014 13:05:04"
"<span class=""expander""  >TPAL-FBC</span>","<span class=""expander""  >Pillow Alphabet F</span>","Pillow Alphabet",," Home Décor ",40,40,10,,Black,"Baby Canvas",,"11-03-2014 13:05:04","11-03-2014 13:05:04"
"<span class=""expander""  >TPAL-FRE</span>","<span class=""expander""  >Pillow Alphabet F</span>","Pillow Alphabet",," Home Décor ",40,40,10,,Red,"Baby Canvas",,"11-03-2014 13:05:04","11-03-2014 13:05:04"
"<span class=""expander""  >TPAL-ECM</span>","<span class=""expander""  >Pillow Alphabet E</span>","Pillow Alphabet",," Home Décor ",40,40,10,,Cream,"Baby Canvas",,"11-03-2014 13:05:04","11-03-2014 13:05:04"
"<span class=""expander""  >TPAL-EBR</span>","<span class=""expander""  >Pillow Alphabet E</span>","Pillow Alphabet",," Home Décor ",40,40,10,,Brown,"Baby Canvas",,"11-03-2014 13:05:04","11-03-2014 13:05:04"
"<span class=""expander""  >TPAL-EBL</span>","<span class=""expander""  >Pillow Alphabet E</span>","Pillow Alphabet",," Home Décor ",40,40,10,,Blue,"Baby Canvas",,"11-03-2014 13:05:04","11-03-2014 13:05:04"
"<span class=""expander""  >TPAL-ERE</span>","<span class=""expander""  >Pillow Alphabet E</span>","Pillow Alphabet",," Home Décor ",40,40,10,,Red,"Baby Canvas",,"11-03-2014 13:05:04","11-03-2014 13:05:04"
"<span class=""expander""  >TPAL-EBC</span>","<span class=""expander""  >Pillow Alphabet E</span>","Pillow Alphabet",," Home Décor ",40,40,10,,Black,"Baby Canvas",,"11-03-2014 13:05:04","11-03-2014 13:05:04"
"<span class=""expander""  >TPAL-DCM</span>","<span class=""expander""  >Pillow Alphabet D</span>","Pillow Alphabet",," Home Décor ",40,40,10,,Cream,"Baby Canvas",,"11-03-2014 13:05:04","11-03-2014 13:05:04"
"<span class=""expander""  >TPAL-DBR</span>","<span class=""expander""  >Pillow Alphabet D</span>","Pillow Alphabet",," Home Décor ",40,40,10,,Brown,"Baby Canvas",,"11-03-2014 13:05:04","11-03-2014 13:05:04"
"<span class=""expander""  >TPAL-DBL</span>","<span class=""expander""  >Pillow Alphabet D</span>","Pillow Alphabet",," Home Décor ",40,40,10,,Blue,"Baby Canvas",,"11-03-2014 13:05:04","11-03-2014 13:05:04"
"<span class=""expander""  >TPAL-DBC</span>","<span class=""expander""  >Pillow Alphabet D</span>","Pillow Alphabet",," Home Décor ",40,40,10,,Black,"Baby Canvas",,"11-03-2014 13:05:04","11-03-2014 13:05:04"
"<span class=""expander""  >TPAL-DRE</span>","<span class=""expander""  >Pillow Alphabet D</span>","Pillow Alphabet",," Home Décor ",40,40,10,,Red,"Baby Canvas",,"11-03-2014 13:05:04","11-03-2014 13:05:04"
"<span class=""expander""  >TPAL-CCM</span>","<span class=""expander""  >Pillow Alphabet C</span>","Pillow Alphabet",," Home Décor ",40,40,10,,Cream,"Baby Canvas",,"11-03-2014 13:05:04","11-03-2014 13:05:04"
"<span class=""expander""  >TPAL-CBR</span>","<span class=""expander""  >Pillow Alphabet C</span>","Pillow Alphabet",," Home Décor ",40,40,10,,Brown,"Baby Canvas",,"11-03-2014 13:05:04","11-03-2014 13:05:04"
"<span class=""expander""  >TPAL-CBL</span>","<span class=""expander""  >Pillow Alphabet C</span>","Pillow Alphabet",," Home Décor ",40,40,10,,Blue,"Baby Canvas",,"11-03-2014 13:05:04","11-03-2014 13:05:04"
"<span class=""expander""  >TPAL-CBC</span>","<span class=""expander""  >Pillow Alphabet C</span>","Pillow Alphabet",," Home Décor ",40,40,10,,Black,"Baby Canvas",,"11-03-2014 13:05:04","11-03-2014 13:05:04"
"<span class=""expander""  >TPAL-CRE</span>","<span class=""expander""  >Pillow Alphabet C</span>","Pillow Alphabet",," Home Décor ",40,40,10,,Red,"Baby Canvas",,"11-03-2014 13:05:04","11-03-2014 13:05:04"
"<span class=""expander""  >TPAL-BCM</span>","<span class=""expander""  >Pillow Alphabet B</span>","Pillow Alphabet",," Home Décor ",40,40,10,,Cream,"Baby Canvas",,"11-03-2014 13:05:04","11-03-2014 13:05:04"
"<span class=""expander""  >TPAL-BBR</span>","<span class=""expander""  >Pillow Alphabet B</span>","Pillow Alphabet",," Home Décor ",40,40,10,,Brown,"Baby Canvas",,"11-03-2014 13:05:04","11-03-2014 13:05:04"
"<span class=""expander""  >TPAL-BBL</span>","<span class=""expander""  >Pillow Alphabet B</span>","Pillow Alphabet",," Home Décor ",40,40,10,,Blue,"Baby Canvas",,"11-03-2014 13:05:04","11-03-2014 13:05:04"
"<span class=""expander""  >TPAL-BBC</span>","<span class=""expander""  >Pillow Alphabet B</span>","Pillow Alphabet",," Home Décor ",40,40,10,,Black,"Baby Canvas",,"11-03-2014 13:05:04","11-03-2014 13:05:04"
